Lot Frontage,Lot Area,Lot Shape,Land Slope,Overall Qual,Overall Cond,Year Built,Year Remod/Add,Mas Vnr Area,Exter Qual,Exter Cond,Bsmt Qual,Bsmt Cond,Bsmt Exposure,BsmtFin Type 1,BsmtFin SF 1,BsmtFin Type 2,BsmtFin SF 2,Bsmt Unf SF,Total Bsmt SF,Heating QC,Electrical,1st Flr SF,2nd Flr SF,Low Qual Fin SF,Gr Liv Area,Bsmt Full Bath,Bsmt Half Bath,Full Bath,Half Bath,Bedroom AbvGr,Kitchen AbvGr,Kitchen Qual,TotRms AbvGrd,Functional,Fireplaces,Fireplace Qu,Garage Yr Blt,Garage Finish,Garage Cars,Garage Area,Garage Qual,Garage Cond,Paved Drive,Wood Deck SF,Open Porch SF,Enclosed Porch,3Ssn Porch,Screen Porch,Pool Area,Pool QC,Fence,Misc Val,Mo Sold,Yr Sold,MS SubClass_20,MS SubClass_30,MS SubClass_40,MS SubClass_45,MS SubClass_50,MS SubClass_60,MS SubClass_70,MS SubClass_75,MS SubClass_80,MS SubClass_85,MS SubClass_90,MS SubClass_120,MS SubClass_160,MS SubClass_180,MS SubClass_190,MS Zoning_C (all),MS Zoning_FV,MS Zoning_RH,MS Zoning_RL,MS Zoning_RM,Street_Grvl,Street_Pave,Alley_Grvl,Alley_Pave,Land Contour_Bnk,Land Contour_HLS,Land Contour_Low,Land Contour_Lvl,Lot Config_Corner,Lot Config_CulDSac,Lot Config_FR2,Lot Config_FR3,Lot Config_Inside,Neighborhood_Blmngtn,Neighborhood_Blueste,Neighborhood_BrDale,Neighborhood_BrkSide,Neighborhood_ClearCr,Neighborhood_CollgCr,Neighborhood_Crawfor,Neighborhood_Edwards,Neighborhood_Gilbert,Neighborhood_Greens,Neighborhood_IDOTRR,Neighborhood_MeadowV,Neighborhood_Mitchel,Neighborhood_NAmes,Neighborhood_NPkVill,Neighborhood_NWAmes,Neighborhood_NridgHt,Neighborhood_OldTown,Neighborhood_SWISU,Neighborhood_Sawyer,Neighborhood_SawyerW,Neighborhood_Somerst,Neighborhood_StoneBr,Neighborhood_Timber,Neighborhood_Veenker,Condition 1_Artery,Condition 1_Feedr,Condition 1_Norm,Condition 1_PosN,Condition 1_RRAe,Condition 1_RRAn,Condition 1_RRNn,Condition 2_Artery,Condition 2_Feedr,Condition 2_Norm,Condition 2_RRNn,Bldg Type_1Fam,Bldg Type_2fmCon,Bldg Type_Duplex,Bldg Type_Twnhs,Bldg Type_TwnhsE,House Style_1.5Fin,House Style_1.5Unf,House Style_1Story,House Style_2.5Unf,House Style_2Story,House Style_SFoyer,House Style_SLvl,Roof Style_Flat,Roof Style_Gable,Roof Style_Gambrel,Roof Style_Hip,Roof Style_Mansard,Roof Style_Shed,Roof Matl_CompShg,Roof Matl_Tar&Grv,Roof Matl_WdShngl,Exterior 1st_AsbShng,Exterior 1st_BrkFace,Exterior 1st_CBlock,Exterior 1st_CemntBd,Exterior 1st_HdBoard,Exterior 1st_MetalSd,Exterior 1st_Plywood,Exterior 1st_Stucco,Exterior 1st_VinylSd,Exterior 1st_Wd Sdng,Exterior 1st_WdShing,Exterior 2nd_AsbShng,Exterior 2nd_Brk Cmn,Exterior 2nd_BrkFace,Exterior 2nd_CBlock,Exterior 2nd_CmentBd,Exterior 2nd_HdBoard,Exterior 2nd_ImStucc,Exterior 2nd_MetalSd,Exterior 2nd_Plywood,Exterior 2nd_Stone,Exterior 2nd_Stucco,Exterior 2nd_VinylSd,Exterior 2nd_Wd Sdng,Exterior 2nd_Wd Shng,Mas Vnr Type_BrkCmn,Mas Vnr Type_BrkFace,Mas Vnr Type_None,Mas Vnr Type_Stone,Foundation_BrkTil,Foundation_CBlock,Foundation_PConc,Foundation_Slab,Foundation_Stone,Foundation_Wood,Heating_GasA,Heating_GasW,Heating_Wall,Central Air_N,Central Air_Y,Garage Type_2Types,Garage Type_Attchd,Garage Type_Basment,Garage Type_BuiltIn,Garage Type_CarPort,Garage Type_Detchd,Misc Feature_Gar2,Misc Feature_Shed,Sale Type_COD,Sale Type_CWD,Sale Type_Con,Sale Type_ConLD,Sale Type_ConLw,Sale Type_Oth,Sale Type_WD ,SalePrice
60,5520,3,3,5,7,1920,1997,0,3,4,4,4,2,6,68,2,0,497,565,3,6,565,651,0,1216,1,0,1,0,3,1,3,6,8,1,5,1920,3,1,355,3,4,3,0,0,180,0,0,0,1,4,0,4,2008,0,0,0,0,1,0,0,0,0,0,0,0,0,0,0,0,0,0,0,1,0,1,0,0,0,0,0,1,0,0,1,0,0,0,0,0,1,0,0,0,0,0,0,0,0,0,0,0,0,0,0,0,0,0,0,0,0,0,0,1,0,0,0,0,0,0,0,1,0,1,0,0,0,0,1,0,0,0,0,0,0,0,1,0,0,0,0,1,0,0,1,0,0,0,0,0,0,0,0,0,0,1,0,0,0,0,0,0,0,0,0,0,0,0,0,0,0,1,0,1,0,0,0,0,0,1,0,0,0,1,0,0,0,1,0,0,0,0,0,0,0,0,0,0,1,115000
50,6060,4,3,4,5,1939,1950,0,3,3,4,4,2,2,0,2,0,732,732,4,6,772,351,0,1123,0,0,1,0,3,1,3,4,8,0,1,1979,2,1,264,4,4,2,0,0,140,0,0,0,1,4,0,6,2007,0,0,0,0,1,0,0,0,0,0,0,0,0,0,0,0,0,0,0,1,0,1,0,0,0,0,0,1,0,0,0,0,1,0,0,0,0,0,0,0,0,0,0,1,0,0,0,0,0,0,0,0,0,0,0,0,0,0,0,0,1,0,0,0,0,0,0,1,0,1,0,0,0,0,1,0,0,0,0,0,0,0,1,0,0,0,0,1,0,0,1,0,0,0,0,0,0,0,0,0,0,1,0,0,0,0,0,0,0,0,0,0,0,0,0,0,0,1,0,0,0,1,0,0,0,1,0,0,0,1,0,0,0,0,0,1,0,0,0,0,0,0,0,0,1,100000
52,7830,4,3,3,5,1921,1950,0,3,3,3,4,2,3,416,2,0,76,492,3,6,492,0,0,492,1,0,1,0,1,1,3,3,8,0,1,1921,2,1,200,3,4,1,0,0,78,0,0,0,1,1,0,6,2006,0,1,0,0,0,0,0,0,0,0,0,0,0,0,0,0,0,0,0,1,0,1,0,0,0,0,0,1,0,0,0,0,1,0,0,0,0,0,0,0,0,0,0,0,0,0,0,0,0,0,1,0,0,0,0,0,0,0,0,0,1,0,0,0,0,0,0,1,0,1,0,0,0,0,0,0,1,0,0,0,0,0,1,0,0,0,0,1,0,0,1,0,0,0,0,0,0,0,0,0,0,1,0,0,0,0,0,0,0,0,0,0,0,0,0,0,0,1,0,1,0,0,0,0,0,1,0,0,0,1,0,0,0,0,0,1,0,0,0,0,0,0,0,0,1,61500
24,2364,4,3,6,5,1978,1978,0,4,3,5,4,2,6,279,2,0,576,855,3,6,855,601,0,1456,0,0,2,1,3,1,3,6,8,1,4,1978,4,2,440,4,4,3,147,0,0,0,0,0,1,1,0,4,2009,0,0,0,0,0,0,0,0,0,0,0,0,1,0,0,0,0,0,1,0,0,1,0,0,0,0,0,1,0,0,0,0,1,0,0,0,0,0,0,0,0,0,0,0,0,0,0,1,0,0,0,0,0,0,0,0,0,0,0,0,1,0,0,0,0,0,0,1,0,0,0,0,0,1,0,0,0,0,1,0,0,0,1,0,0,0,0,1,0,0,0,0,0,0,0,0,1,0,0,0,0,0,1,0,0,0,0,0,0,0,0,0,0,0,0,0,0,1,0,0,1,0,0,0,0,1,0,0,0,1,0,1,0,0,0,0,0,0,0,0,0,0,0,0,1,138000
24,2289,4,3,6,6,1978,1978,0,3,3,4,4,2,6,311,2,0,544,855,3,6,855,586,0,1441,0,0,2,1,3,1,3,7,8,1,4,1978,2,2,440,4,4,3,28,0,0,0,0,0,1,1,0,4,2009,0,0,0,0,0,0,0,0,0,0,0,0,1,0,0,0,0,0,1,0,0,1,0,0,0,0,0,1,0,0,0,0,1,0,0,0,0,0,0,0,0,0,0,0,0,0,0,1,0,0,0,0,0,0,0,0,0,0,0,0,1,0,0,0,0,0,0,1,0,0,0,0,1,0,0,0,0,0,1,0,0,0,1,0,0,0,0,1,0,0,0,0,0,0,0,0,1,0,0,0,0,0,1,0,0,0,0,0,0,0,0,0,0,0,0,0,0,1,0,0,1,0,0,0,0,1,0,0,0,1,0,1,0,0,0,0,0,0,0,0,0,0,0,0,1,148500
24,2280,4,3,6,5,1978,1978,0,3,3,5,4,2,6,311,2,0,544,855,2,6,855,601,0,1456,0,0,2,1,3,1,3,7,8,1,4,1978,2,2,440,4,4,3,26,0,0,0,0,0,1,1,0,7,2010,0,0,0,0,0,0,0,0,0,0,0,0,1,0,0,0,0,0,1,0,0,1,0,0,0,0,0,1,0,0,0,0,1,0,0,0,0,0,0,0,0,0,0,0,0,0,0,1,0,0,0,0,0,0,0,0,0,0,0,0,1,0,0,0,0,0,0,1,0,0,0,0,1,0,0,0,0,0,1,0,0,0,1,0,0,0,0,1,0,0,0,0,0,0,0,0,1,0,0,0,0,0,1,0,0,0,0,0,0,0,0,0,0,0,0,0,0,1,0,0,1,0,0,0,0,1,0,0,0,1,0,1,0,0,0,0,0,0,0,0,0,0,0,0,1,146000
24,2304,4,3,7,7,1978,1978,0,3,3,5,4,2,7,632,2,6,423,1061,3,6,1055,0,0,1055,0,0,2,0,2,1,3,4,8,0,1,1978,2,1,319,4,4,3,108,32,0,0,0,0,1,1,0,4,2007,0,0,0,0,0,0,0,0,0,0,0,1,0,0,0,0,0,0,1,0,0,1,0,0,0,0,0,1,0,0,0,0,1,0,0,0,0,0,0,0,0,0,0,0,0,0,0,1,0,0,0,0,0,0,0,0,0,0,0,0,1,0,0,0,0,0,0,1,0,0,0,0,1,0,0,0,1,0,0,0,0,0,1,0,0,0,0,1,0,0,0,0,0,0,0,0,1,0,0,0,0,0,1,0,0,0,0,0,0,0,0,0,0,0,0,0,0,1,0,0,1,0,0,0,0,1,0,0,0,1,0,1,0,0,0,0,0,0,0,0,0,0,0,0,1,142500
24,2349,4,3,6,5,1977,1977,0,3,3,5,4,2,6,389,2,0,466,855,3,6,855,601,0,1456,0,0,2,1,3,1,3,6,8,1,4,1977,2,2,440,4,4,3,0,28,0,0,0,0,1,1,0,5,2009,0,0,0,0,0,0,0,0,0,0,0,0,1,0,0,0,0,0,1,0,0,1,0,0,0,0,0,1,0,0,0,0,1,0,0,0,0,0,0,0,0,0,0,0,0,0,0,1,0,0,0,0,0,0,0,0,0,0,0,0,1,0,0,0,0,0,0,1,0,0,0,0,1,0,0,0,0,0,1,0,0,0,1,0,0,0,0,1,0,0,0,0,0,0,0,0,1,0,0,0,0,0,1,0,0,0,0,0,0,0,0,0,0,0,0,0,0,1,0,0,1,0,0,0,0,1,0,0,0,1,0,1,0,0,0,0,0,0,0,0,0,0,0,0,1,137900
24,2529,4,3,7,6,1977,1977,0,3,3,5,4,2,6,378,2,0,677,1055,2,6,1055,0,0,1055,0,0,2,0,2,1,3,4,8,0,1,1977,2,2,440,4,4,3,0,38,0,0,0,0,1,1,0,9,2008,0,0,0,0,0,0,0,0,0,0,0,1,0,0,0,0,0,0,1,0,0,1,0,0,0,0,0,1,0,0,0,0,1,0,0,0,0,0,0,0,0,0,0,0,0,0,0,1,0,0,0,0,0,0,0,0,0,0,0,0,1,0,0,0,0,0,0,1,0,0,0,0,1,0,0,0,1,0,0,0,0,0,1,0,0,0,0,1,0,0,0,0,0,0,0,0,1,0,0,0,0,0,1,0,0,0,0,0,0,0,0,0,0,0,0,0,0,1,0,0,1,0,0,0,0,1,0,0,0,1,0,1,0,0,0,0,0,0,0,0,0,0,0,0,1,148500
50,6000,4,3,5,6,1957,1957,0,3,3,4,4,2,4,308,2,0,620,928,4,5,928,0,0,928,0,0,1,0,3,1,3,5,8,0,1,1957,4,1,288,4,4,3,0,0,0,0,0,0,1,1,0,6,2008,1,0,0,0,0,0,0,0,0,0,0,0,0,0,0,0,0,0,0,1,0,1,0,0,0,0,0,1,0,0,0,0,1,0,0,0,0,0,0,0,0,0,0,0,0,0,0,0,0,0,1,0,0,0,0,0,0,0,0,0,1,0,0,0,0,0,0,1,0,1,0,0,0,0,0,0,1,0,0,0,0,0,0,0,1,0,0,1,0,0,0,1,0,0,0,0,0,0,0,0,0,0,0,1,0,0,0,0,0,0,0,0,0,0,0,0,0,1,0,0,1,0,0,0,0,1,0,0,0,1,0,1,0,0,0,0,0,0,0,0,0,0,0,0,1,112500
21,1680,4,3,5,7,1972,1972,268,3,3,4,4,2,6,231,2,0,399,630,3,6,630,672,0,1302,0,0,2,1,3,1,3,6,8,0,1,1972,2,1,264,4,4,3,185,0,0,0,0,0,1,1,0,2,2009,0,0,0,0,0,0,0,0,0,0,0,0,1,0,0,0,0,0,0,1,0,1,0,0,0,0,0,1,0,0,0,0,1,0,0,1,0,0,0,0,0,0,0,0,0,0,0,0,0,0,0,0,0,0,0,0,0,0,0,0,1,0,0,0,0,0,0,1,0,0,0,0,1,0,0,0,0,0,1,0,0,0,1,0,0,0,0,1,0,0,0,0,0,1,0,0,0,0,0,0,0,0,0,0,0,1,0,0,0,0,0,0,0,0,0,0,1,0,0,0,1,0,0,0,0,1,0,0,0,1,0,0,0,0,0,1,0,0,0,0,0,0,0,0,1,119500
45,8982,3,3,5,5,1977,1977,0,3,3,5,4,4,6,539,2,0,501,1040,3,6,1040,0,0,1040,0,0,1,1,3,1,3,5,8,0,1,1977,2,2,748,4,4,3,0,0,0,0,0,0,1,4,0,1,2007,1,0,0,0,0,0,0,0,0,0,0,0,0,0,0,0,0,0,1,0,0,1,0,0,0,0,0,1,0,1,0,0,0,0,0,0,0,0,1,0,0,0,0,0,0,0,0,0,0,0,0,0,0,0,0,0,0,0,0,0,1,0,0,0,0,0,0,1,0,1,0,0,0,0,0,0,1,0,0,0,0,0,1,0,0,0,0,1,0,0,0,0,0,1,0,0,0,0,0,0,0,0,0,0,0,1,0,0,0,0,0,0,0,0,0,0,0,1,0,0,1,0,0,0,0,1,0,0,0,1,0,0,0,0,0,1,0,0,0,0,0,0,0,0,1,134900
41,2665,4,3,5,6,1977,1977,0,3,3,5,4,3,2,0,2,0,264,264,3,6,616,688,0,1304,0,0,1,1,3,1,3,5,8,1,4,1977,3,1,336,4,4,3,141,0,0,0,0,0,1,1,0,5,2006,0,0,0,0,0,0,0,0,0,0,0,0,1,0,0,0,0,0,0,1,0,1,0,0,0,0,0,1,0,0,0,0,1,0,0,0,0,0,0,0,0,0,0,0,1,0,0,0,0,0,0,0,0,0,0,0,0,0,0,0,1,0,0,0,0,0,0,1,0,0,0,0,0,1,0,0,0,0,1,0,0,0,1,0,0,0,0,1,0,0,0,0,0,1,0,0,0,0,0,0,0,0,0,0,0,1,0,0,0,0,0,0,0,0,0,0,0,1,0,0,0,1,0,0,0,1,0,0,0,1,0,0,0,1,0,0,0,0,0,0,0,0,0,0,1,104500
41,2665,4,3,5,6,1977,1977,0,3,3,4,4,2,6,548,4,173,36,757,5,6,925,550,0,1475,0,0,2,0,4,1,3,6,8,1,4,1977,3,1,336,4,4,3,104,26,0,0,0,0,1,1,0,7,2006,0,0,0,0,0,0,0,0,0,0,0,0,1,0,0,0,0,0,0,1,0,1,0,0,0,0,0,1,0,0,0,0,1,0,0,0,0,0,0,0,0,0,0,0,1,0,0,0,0,0,0,0,0,0,0,0,0,0,0,0,1,0,0,0,0,0,0,1,0,0,0,0,0,1,0,0,0,0,1,0,0,0,1,0,0,0,0,1,0,0,0,0,0,1,0,0,0,0,0,0,0,0,0,0,0,1,0,0,0,0,0,0,0,0,0,0,0,1,0,0,0,1,0,0,0,1,0,0,0,1,0,1,0,0,0,0,0,0,0,0,0,0,0,0,1,127000
31,2394,4,2,5,6,1973,1973,0,3,3,5,4,5,7,915,2,0,30,945,5,6,945,0,0,945,1,1,1,0,2,1,3,5,8,1,2,1973,3,1,253,4,4,3,174,0,56,0,108,0,1,1,0,5,2010,0,0,0,0,0,0,0,0,0,0,0,1,0,0,0,0,0,0,0,1,0,1,0,0,0,0,1,0,0,0,0,0,1,0,0,0,0,0,0,0,0,0,0,0,1,0,0,0,0,0,0,0,0,0,0,0,0,0,0,0,1,0,0,0,0,0,0,1,0,0,0,0,1,0,0,0,1,0,0,0,0,0,1,0,0,0,0,1,0,0,0,0,0,1,0,0,0,0,0,0,0,0,0,0,0,1,0,0,0,0,0,0,0,0,0,0,0,1,0,0,1,0,0,0,0,1,0,0,0,1,0,1,0,0,0,0,0,0,0,0,0,0,0,0,1,119500
21,1890,4,3,4,6,1972,1972,0,3,3,4,4,2,4,294,2,0,252,546,3,6,546,546,0,1092,0,0,1,1,3,1,3,5,8,0,1,1972,2,1,286,4,4,3,0,0,64,0,0,0,1,1,0,6,2010,0,0,0,0,0,0,0,0,0,0,0,0,1,0,0,0,0,0,0,1,0,1,0,0,0,0,0,1,0,0,0,0,1,0,0,0,0,0,0,0,0,0,0,0,1,0,0,0,0,0,0,0,0,0,0,0,0,0,0,0,1,0,0,0,0,0,0,1,0,0,0,0,0,1,0,0,0,0,1,0,0,0,1,0,0,0,0,1,0,0,0,0,0,1,0,0,0,0,0,0,0,0,0,0,0,1,0,0,0,0,0,0,0,0,0,0,0,1,0,0,1,0,0,0,0,1,0,0,0,1,0,1,0,0,0,0,0,0,0,0,0,0,0,0,1,85500
21,1504,4,3,4,4,1972,1972,0,3,3,4,4,2,5,252,2,0,294,546,3,6,546,546,0,1092,0,0,1,1,3,1,3,5,8,0,1,1972,2,1,253,4,4,3,0,0,0,0,0,0,1,1,0,5,2007,0,0,0,0,0,0,0,0,0,0,0,0,1,0,0,0,0,0,0,1,0,1,0,0,0,0,0,1,0,0,0,0,1,0,0,0,0,0,0,0,0,0,0,0,1,0,0,0,0,0,0,0,0,0,0,0,0,0,0,0,1,0,0,0,0,0,0,1,0,0,0,0,1,0,0,0,0,0,1,0,0,0,1,0,0,0,0,1,0,0,0,0,0,1,0,0,0,0,0,0,0,0,0,0,0,1,0,0,0,0,0,0,0,0,0,0,0,1,0,0,1,0,0,0,0,1,0,0,0,1,0,1,0,0,0,0,0,0,0,0,0,0,0,0,1,85500
21,1484,4,3,4,4,1972,1972,0,3,3,4,4,2,4,252,2,0,294,546,3,6,546,546,0,1092,0,0,1,1,3,1,3,5,8,0,1,1972,2,1,253,4,3,3,0,0,0,0,0,0,1,1,0,5,2006,0,0,0,0,0,0,0,0,0,0,0,0,1,0,0,0,0,0,0,1,0,1,0,0,0,0,0,1,0,0,0,0,1,0,0,0,0,0,0,0,0,0,0,0,1,0,0,0,0,0,0,0,0,0,0,0,0,0,0,0,1,0,0,0,0,0,0,1,0,0,0,0,0,1,0,0,0,0,1,0,0,0,1,0,0,0,0,1,0,0,0,0,0,1,0,0,0,0,0,0,0,0,0,0,0,1,0,0,0,0,0,0,0,0,0,0,0,1,0,0,1,0,0,0,0,1,0,0,0,1,0,1,0,0,0,0,0,0,0,0,0,0,0,0,1,79400
21,2217,4,3,4,4,1970,1970,0,3,3,4,4,2,5,273,3,273,0,546,3,6,546,546,0,1092,0,0,1,1,3,1,3,6,8,0,1,1970,3,1,286,4,4,3,238,0,0,0,0,0,1,1,0,8,2009,0,0,0,0,0,0,0,0,0,0,0,0,1,0,0,0,0,0,0,1,0,1,0,0,0,0,0,1,0,0,0,0,1,0,0,0,0,0,0,0,0,0,0,0,1,0,0,0,0,0,0,0,0,0,0,0,0,0,0,0,1,0,0,0,0,0,0,1,0,0,0,0,0,1,0,0,0,0,1,0,0,0,1,0,0,0,0,1,0,0,0,0,0,1,0,0,0,0,0,0,0,0,0,0,0,1,0,0,0,0,0,0,0,0,0,0,0,1,0,0,1,0,0,0,0,1,0,0,0,1,0,1,0,0,0,0,0,0,0,0,0,0,0,0,1,88000
21,2001,4,3,4,5,1970,1970,80,3,3,4,4,2,2,0,2,0,546,546,2,6,546,546,0,1092,0,0,1,1,3,1,3,6,8,0,1,1970,2,1,286,4,4,3,0,0,0,0,0,0,1,1,0,1,2007,0,0,0,0,0,0,0,0,0,0,0,0,1,0,0,0,0,0,0,1,0,1,0,0,0,0,0,1,0,0,0,0,1,0,0,0,0,0,0,0,0,0,0,0,1,0,0,0,0,0,0,0,0,0,0,0,0,0,0,0,1,0,0,0,0,0,0,1,0,0,0,0,1,0,0,0,0,0,1,0,0,0,1,0,0,0,0,1,0,0,0,0,0,1,0,0,0,0,0,0,0,0,0,0,0,1,0,0,0,0,0,0,0,0,0,0,1,0,0,0,1,0,0,0,0,1,0,0,0,1,0,1,0,0,0,0,0,0,0,0,0,0,0,0,1,75000
21,1526,4,3,4,8,1970,2002,0,3,4,5,4,4,7,515,2,0,115,630,3,6,630,0,0,630,1,0,1,0,1,1,4,3,8,0,1,1970,2,1,286,4,4,3,0,0,0,0,0,0,1,1,0,5,2009,0,0,0,0,0,0,0,0,0,0,0,0,0,1,0,0,0,0,0,1,0,1,0,0,0,0,0,1,0,0,0,0,1,0,0,0,0,0,0,0,0,0,0,0,1,0,0,0,0,0,0,0,0,0,0,0,0,0,0,0,1,0,0,0,0,0,0,1,0,0,0,0,1,0,0,0,0,0,0,1,0,0,1,0,0,0,0,1,0,0,0,0,0,1,0,0,0,0,0,0,0,0,0,0,0,1,0,0,0,0,0,0,0,0,0,0,0,1,0,0,1,0,0,0,0,1,0,0,0,1,0,1,0,0,0,0,0,0,0,0,0,0,0,0,1,86000
21,1477,4,3,4,4,1970,1970,0,3,3,5,4,4,7,509,2,0,121,630,3,6,630,0,0,630,1,0,1,0,1,1,3,3,8,0,1,1970,2,1,286,4,4,3,0,0,0,0,0,0,1,1,0,4,2009,0,0,0,0,0,0,0,0,0,0,0,0,0,1,0,0,0,0,0,1,0,1,0,0,0,0,0,1,0,0,0,0,1,0,0,0,0,0,0,0,0,0,0,0,1,0,0,0,0,0,0,0,0,0,0,0,0,0,0,0,1,0,0,0,0,0,0,1,0,0,0,0,0,1,0,0,0,0,0,1,0,0,1,0,0,0,0,1,0,0,0,0,0,1,0,0,0,0,0,0,0,0,0,0,0,1,0,0,0,0,0,0,0,0,0,0,0,1,0,0,1,0,0,0,0,1,0,0,0,1,0,1,0,0,0,0,0,0,0,0,0,0,0,0,1,80000
21,2058,4,3,6,5,1973,1973,265,3,3,4,4,2,2,0,2,0,672,672,5,6,672,546,0,1218,0,0,1,1,4,1,5,7,8,0,1,1973,2,1,264,4,4,3,0,28,0,0,0,0,1,1,0,12,2007,0,0,0,0,0,0,0,0,0,0,0,0,1,0,0,0,0,0,0,1,0,1,0,0,0,0,0,1,0,0,0,0,1,0,0,1,0,0,0,0,0,0,0,0,0,0,0,0,0,0,0,0,0,0,0,0,0,0,0,0,1,0,0,0,0,0,0,1,0,0,0,0,1,0,0,0,0,0,1,0,0,0,1,0,0,0,0,1,0,0,0,0,0,0,1,0,0,0,0,0,0,0,0,0,0,0,1,0,0,0,0,0,0,0,0,0,1,0,0,0,1,0,0,0,0,1,0,0,0,1,0,0,0,0,0,1,0,0,0,0,0,0,0,0,1,113700
21,1890,4,3,6,5,1973,1973,285,3,3,4,4,2,5,356,2,0,316,672,3,6,672,546,0,1218,0,0,1,1,3,1,3,7,8,0,1,1973,2,1,264,4,4,3,144,28,0,0,0,0,1,1,0,5,2007,0,0,0,0,0,0,0,0,0,0,0,0,1,0,0,0,0,0,0,1,0,1,0,0,0,0,0,1,0,0,0,0,1,0,0,1,0,0,0,0,0,0,0,0,0,0,0,0,0,0,0,0,0,0,0,0,0,0,0,0,1,0,0,0,0,0,0,1,0,0,0,0,1,0,0,0,0,0,1,0,0,0,1,0,0,0,0,1,0,0,0,0,0,0,1,0,0,0,0,0,0,0,0,0,0,0,1,0,0,0,0,0,0,0,0,0,1,0,0,0,1,0,0,0,0,1,0,0,0,1,0,0,0,0,0,1,0,0,0,0,0,0,0,0,1,113000
24,2160,4,3,5,6,1973,1973,200,3,3,4,4,2,3,402,2,0,363,765,4,6,765,600,0,1365,0,0,1,1,3,1,4,7,7,1,3,1973,2,2,440,4,4,3,0,36,0,0,0,0,1,1,0,6,2006,0,0,0,0,0,0,0,0,0,0,0,0,1,0,0,0,0,0,0,1,0,1,0,0,0,0,0,1,0,0,0,0,1,0,0,1,0,0,0,0,0,0,0,0,0,0,0,0,0,0,0,0,0,0,0,0,0,0,0,0,1,0,0,0,0,0,0,1,0,0,0,0,0,1,0,0,0,0,1,0,0,0,1,0,0,0,0,1,0,0,0,0,0,0,1,0,0,0,0,0,0,0,0,0,0,0,1,0,0,0,0,0,0,0,0,0,1,0,0,0,1,0,0,0,0,1,0,0,0,1,0,1,0,0,0,0,0,0,0,0,0,0,0,0,1,125500
21,1680,4,3,6,6,1972,1972,425,3,3,4,4,2,4,110,3,294,79,483,3,6,483,504,0,987,1,0,1,1,2,1,3,5,8,0,1,1972,2,1,288,4,4,3,0,0,0,0,0,0,1,1,0,7,2009,0,0,0,0,0,0,0,0,0,0,0,0,1,0,0,0,0,0,0,1,0,1,0,0,0,0,0,1,0,0,0,0,1,0,0,1,0,0,0,0,0,0,0,0,0,0,0,0,0,0,0,0,0,0,0,0,0,0,0,0,1,0,0,0,0,0,0,1,0,0,0,0,1,0,0,0,0,0,1,0,0,0,1,0,0,0,0,1,0,0,0,0,0,0,1,0,0,0,0,0,0,0,0,0,0,0,1,0,0,0,0,0,0,0,0,0,1,0,0,0,1,0,0,0,0,1,0,0,0,1,0,0,0,0,0,1,0,0,0,0,0,0,0,0,1,97000
21,1680,4,3,6,8,1972,2007,510,3,3,4,4,2,6,162,2,0,321,483,4,6,483,504,0,987,0,0,1,1,2,1,4,5,8,0,1,1972,2,1,264,4,4,3,250,0,0,0,0,0,1,1,0,5,2009,0,0,0,0,0,0,0,0,0,0,0,0,1,0,0,0,0,0,0,1,0,1,0,0,0,0,0,1,0,0,0,0,1,0,0,1,0,0,0,0,0,0,0,0,0,0,0,0,0,0,0,0,0,0,0,0,0,0,0,0,1,0,0,0,0,0,0,1,0,0,0,0,1,0,0,0,0,0,1,0,0,0,1,0,0,0,0,1,0,0,0,0,0,0,1,0,0,0,0,0,0,0,0,0,0,0,1,0,0,0,0,0,0,0,0,0,1,0,0,0,1,0,0,0,0,1,0,0,0,1,0,0,0,0,0,1,0,0,0,0,0,0,0,0,1,118000
21,1680,4,3,6,5,1972,1972,297,3,3,4,4,2,2,0,2,0,483,483,3,6,483,504,0,987,0,0,1,1,2,1,3,5,8,1,2,1972,2,1,288,4,4,3,0,0,0,0,0,0,1,1,0,6,2006,0,0,0,0,0,0,0,0,0,0,0,0,1,0,0,0,0,0,0,1,0,1,0,0,0,0,0,1,0,0,0,0,1,0,0,1,0,0,0,0,0,0,0,0,0,0,0,0,0,0,0,0,0,0,0,0,0,0,0,0,1,0,0,0,0,0,0,1,0,0,0,0,1,0,0,0,0,0,1,0,0,0,1,0,0,0,0,1,0,0,0,0,0,0,1,0,0,0,0,0,0,0,0,0,0,0,1,0,0,0,0,0,0,0,0,0,1,0,0,0,1,0,0,0,0,1,0,0,0,1,0,1,0,0,0,0,0,0,0,0,0,0,0,0,1,94500
21,1680,4,3,6,5,1972,1972,504,3,3,4,4,2,6,276,2,0,207,483,3,6,483,465,0,948,0,0,1,1,2,1,3,5,8,0,1,1972,2,1,264,4,4,3,0,0,0,0,0,0,1,1,0,7,2006,0,0,0,0,0,0,0,0,0,0,0,0,1,0,0,0,0,0,0,1,0,1,0,0,0,0,0,1,0,0,0,0,1,0,0,1,0,0,0,0,0,0,0,0,0,0,0,0,0,0,0,0,0,0,0,0,0,0,0,0,1,0,0,0,0,0,0,1,0,0,0,0,1,0,0,0,0,0,1,0,0,0,1,0,0,0,0,1,0,0,0,0,0,0,1,0,0,0,0,0,0,0,0,0,0,0,1,0,0,0,0,0,0,0,0,0,1,0,0,0,1,0,0,0,0,1,0,0,0,1,0,0,0,0,0,1,0,0,0,0,0,0,0,0,1,89000
21,1680,4,3,6,5,1972,1972,504,3,3,4,4,2,5,382,2,0,143,525,4,6,525,567,0,1092,0,0,1,1,3,1,3,6,8,0,1,1972,2,1,264,4,4,3,352,0,0,0,0,0,1,5,0,10,2006,0,0,0,0,0,0,0,0,0,0,0,0,1,0,0,0,0,0,0,1,0,1,0,0,0,0,0,1,0,0,0,0,1,0,0,1,0,0,0,0,0,0,0,0,0,0,0,0,0,0,0,0,0,0,0,0,0,0,0,0,1,0,0,0,0,0,0,1,0,0,0,0,1,0,0,0,0,0,1,0,0,0,1,0,0,0,0,1,0,0,0,0,0,0,1,0,0,0,0,0,0,0,0,0,0,0,1,0,0,0,0,0,0,0,0,0,1,0,0,0,1,0,0,0,0,1,0,0,0,1,0,0,0,0,0,1,0,0,0,0,0,0,0,0,1,108000
21,1680,4,3,5,5,1972,1972,356,3,3,4,4,2,4,350,2,0,280,630,3,6,630,672,0,1302,0,0,2,1,3,1,3,6,8,0,1,1972,2,1,264,4,4,3,0,0,0,0,0,0,1,1,0,12,2008,0,0,0,0,0,0,0,0,0,0,0,0,1,0,0,0,0,0,0,1,0,1,0,0,0,0,0,1,0,0,0,0,1,0,0,1,0,0,0,0,0,0,0,0,0,0,0,0,0,0,0,0,0,0,0,0,0,0,0,0,1,0,0,0,0,0,0,1,0,0,0,0,1,0,0,0,0,0,1,0,0,0,1,0,0,0,0,1,0,0,0,0,0,0,1,0,0,0,0,0,0,0,0,0,0,0,1,0,0,0,0,0,0,0,0,0,1,0,0,0,1,0,0,0,0,1,0,0,0,1,0,0,0,0,0,1,0,0,0,0,0,0,0,0,1,111750
21,1680,4,3,6,7,1972,1972,281,3,3,4,4,2,5,317,2,0,355,672,4,6,672,546,0,1218,0,1,1,1,3,1,3,7,8,0,1,1972,2,1,264,4,4,3,0,28,0,0,0,0,1,1,0,5,2006,0,0,0,0,0,0,0,0,0,0,0,0,1,0,0,0,0,0,0,1,0,1,0,0,0,0,0,1,0,0,0,0,1,0,0,1,0,0,0,0,0,0,0,0,0,0,0,0,0,0,0,0,0,0,0,0,0,0,0,0,1,0,0,0,0,0,0,1,0,0,0,0,1,0,0,0,0,0,1,0,0,0,1,0,0,0,0,1,0,0,0,0,0,0,1,0,0,0,0,0,0,0,0,0,0,0,1,0,0,0,0,0,0,0,0,0,1,0,0,0,1,0,0,0,0,1,0,0,0,1,0,0,0,0,0,1,0,0,0,0,0,0,0,0,1,118000
21,1680,4,3,6,5,1971,1971,504,3,3,4,4,2,4,156,2,0,327,483,3,6,483,504,0,987,0,0,1,1,2,1,3,5,8,0,1,1971,2,1,264,4,4,3,275,0,0,0,0,0,1,1,0,2,2010,0,0,0,0,0,0,0,0,0,0,0,0,1,0,0,0,0,0,0,1,0,1,0,0,0,0,0,1,0,0,0,0,1,0,0,1,0,0,0,0,0,0,0,0,0,0,0,0,0,0,0,0,0,0,0,0,0,0,0,0,1,0,0,0,0,0,0,1,0,0,0,0,1,0,0,0,0,0,1,0,0,0,1,0,0,0,0,1,0,0,0,0,0,0,1,0,0,0,0,0,0,0,0,0,0,0,1,0,0,0,0,0,0,0,0,0,1,0,0,0,1,0,0,0,0,1,0,0,0,1,0,0,0,0,0,1,0,0,1,0,0,0,0,0,0,96000
21,1680,4,3,6,3,1971,1971,604,3,3,4,4,2,6,358,2,0,125,483,3,6,483,504,0,987,0,0,1,1,2,1,3,5,8,0,1,1971,2,1,264,4,4,3,0,0,0,0,0,0,1,1,0,8,2008,0,0,0,0,0,0,0,0,0,0,0,0,1,0,0,0,0,0,0,1,0,1,0,0,0,0,0,1,0,0,0,0,1,0,0,1,0,0,0,0,0,0,0,0,0,0,0,0,0,0,0,0,0,0,0,0,0,0,0,0,1,0,0,0,0,0,0,1,0,0,0,0,0,1,0,0,0,0,1,0,0,0,1,0,0,0,0,1,0,0,0,0,0,0,1,0,0,0,0,0,0,0,0,0,0,0,1,0,0,0,0,0,0,0,0,0,1,0,0,0,1,0,0,0,0,1,0,0,0,1,0,0,0,0,0,1,0,0,0,0,0,0,0,0,1,89500
24,1920,4,3,5,5,1971,1971,376,3,3,4,4,2,6,471,2,0,294,765,5,6,765,600,0,1365,1,0,1,1,2,1,3,6,7,0,1,1971,2,2,440,4,4,3,240,36,0,0,0,0,1,1,0,8,2007,0,0,0,0,0,0,0,0,0,0,0,0,1,0,0,0,0,0,0,1,0,1,0,0,0,0,0,1,0,0,0,0,1,0,0,1,0,0,0,0,0,0,0,0,0,0,0,0,0,0,0,0,0,0,0,0,0,0,0,0,1,0,0,0,0,0,0,1,0,0,0,0,0,1,0,0,0,0,1,0,0,0,1,0,0,0,0,1,0,0,0,0,0,0,1,0,0,0,0,0,0,0,0,0,0,0,1,0,0,0,0,0,0,0,0,0,1,0,0,0,1,0,0,0,0,1,0,0,0,1,0,0,0,0,0,1,0,0,0,0,0,0,0,0,1,122500
24,2016,4,3,5,5,1970,1970,304,3,3,4,4,2,2,0,2,0,630,630,3,6,630,672,0,1302,0,0,2,1,3,1,3,6,8,0,1,1970,2,2,440,4,4,3,0,0,0,0,0,0,1,1,0,4,2007,0,0,0,0,0,0,0,0,0,0,0,0,1,0,0,0,0,0,0,1,0,1,0,0,0,0,0,1,0,0,0,0,1,0,0,1,0,0,0,0,0,0,0,0,0,0,0,0,0,0,0,0,0,0,0,0,0,0,0,0,1,0,0,0,0,0,0,1,0,0,0,0,0,1,0,0,0,0,1,0,0,0,1,0,0,0,0,1,0,0,0,0,0,0,1,0,0,0,0,0,0,0,0,0,0,0,1,0,0,0,0,0,0,0,0,0,1,0,0,0,1,0,0,0,0,1,0,0,0,1,0,0,0,0,0,1,0,0,0,0,0,0,0,0,1,106000
24,2368,4,3,5,6,1970,1970,312,3,3,4,4,2,3,765,2,0,0,765,3,6,765,600,0,1365,0,0,1,1,3,1,3,7,7,0,1,1970,2,2,440,4,4,3,0,36,0,0,0,0,1,1,0,5,2009,0,0,0,0,0,0,0,0,0,0,0,0,1,0,0,0,0,0,0,1,0,1,0,0,0,0,0,1,0,0,0,0,1,0,0,1,0,0,0,0,0,0,0,0,0,0,0,0,0,0,0,0,0,0,0,0,0,0,0,0,1,0,0,0,0,0,0,1,0,0,0,0,0,1,0,0,0,0,1,0,0,0,1,0,0,0,0,1,0,0,0,0,0,0,1,0,0,0,0,0,0,0,0,0,0,0,1,0,0,0,0,0,0,0,0,0,0,1,0,0,1,0,0,0,0,1,0,0,0,1,0,1,0,0,0,0,0,0,0,0,0,0,0,0,1,125000
60,9873,4,3,4,5,1970,1970,160,3,3,4,4,4,6,789,2,0,171,960,3,6,960,0,0,960,1,0,1,0,3,1,3,6,8,0,1,1970,2,2,576,4,4,3,0,288,0,0,0,0,1,1,0,5,2006,0,0,0,0,0,0,0,0,0,0,0,0,0,0,1,0,0,0,1,0,0,1,0,0,0,0,0,1,0,0,0,0,1,0,0,0,1,0,0,0,0,0,0,0,0,0,0,0,0,0,0,0,0,0,0,0,0,0,0,0,0,0,0,1,0,0,0,1,0,0,1,0,0,0,0,0,1,0,0,0,0,0,1,0,0,0,0,1,0,0,0,0,0,0,1,0,0,0,0,0,0,0,0,0,0,0,1,0,0,0,0,0,0,0,0,0,1,0,0,0,1,0,0,0,0,0,1,0,1,0,0,0,0,0,0,1,0,0,0,0,0,0,0,0,1,129000
88,7990,3,3,5,6,1975,1975,0,3,3,5,4,2,2,0,2,0,924,924,3,6,924,0,0,924,0,0,1,0,3,1,3,5,8,0,1,1981,2,1,280,4,4,3,0,0,0,0,0,0,1,4,0,4,2008,1,0,0,0,0,0,0,0,0,0,0,0,0,0,0,0,0,0,1,0,0,1,0,0,0,0,0,1,0,0,0,0,1,0,0,0,0,0,1,0,0,0,0,0,0,0,0,0,0,0,0,0,0,0,0,0,0,0,0,0,1,0,0,0,0,0,0,1,0,1,0,0,0,0,0,0,1,0,0,0,0,0,0,0,1,0,0,1,0,0,0,0,0,0,1,0,0,0,0,0,0,0,0,0,0,0,1,0,0,0,0,0,0,0,0,0,0,1,0,0,1,0,0,0,0,1,0,0,0,1,0,0,0,0,0,1,0,0,0,0,0,0,0,0,1,110000
76,6950,3,3,5,7,1979,1979,40,3,3,4,4,2,6,710,5,72,132,914,3,6,914,0,0,914,1,0,1,0,2,1,3,5,8,0,1,1979,2,2,444,4,4,3,0,0,0,0,0,0,1,1,0,10,2009,1,0,0,0,0,0,0,0,0,0,0,0,0,0,0,0,0,0,1,0,0,1,0,0,0,0,0,1,0,0,0,0,1,0,0,0,0,0,1,0,0,0,0,0,0,0,0,0,0,0,0,0,0,0,0,0,0,0,0,0,1,0,0,0,0,0,0,1,0,1,0,0,0,0,0,0,1,0,0,0,0,0,1,0,0,0,0,1,0,0,0,0,0,0,1,0,0,0,0,0,0,0,0,0,0,0,1,0,0,0,0,0,0,0,0,0,1,0,0,0,1,0,0,0,0,1,0,0,0,1,0,1,0,0,0,0,0,0,0,0,0,0,0,0,1,134900
65,8385,4,3,5,8,1977,1977,220,4,3,5,5,4,7,595,2,0,390,985,3,6,985,0,0,985,0,0,2,0,3,1,3,6,8,0,1,1977,2,1,328,4,4,3,210,0,0,0,0,0,1,1,0,11,2008,0,0,0,0,0,0,0,0,1,0,0,0,0,0,0,0,0,0,1,0,0,1,0,0,0,0,0,1,0,0,0,0,1,0,0,0,0,0,1,0,0,0,0,0,0,0,0,0,0,0,0,0,0,0,0,0,0,0,0,0,1,0,0,0,0,0,0,1,0,1,0,0,0,0,0,0,0,0,0,0,1,0,1,0,0,0,0,1,0,0,0,0,0,0,1,0,0,0,0,0,0,0,0,0,0,0,1,0,0,0,0,0,0,0,0,0,1,0,0,0,1,0,0,0,0,1,0,0,0,1,0,1,0,0,0,0,0,0,0,0,0,0,0,0,1,149900
61,8800,3,3,5,7,1977,2008,0,3,3,5,4,3,3,532,4,144,364,1040,3,6,1040,0,0,1040,0,0,2,0,3,1,4,5,8,0,1,1977,2,2,484,4,4,3,0,0,0,0,288,0,1,1,0,9,2009,1,0,0,0,0,0,0,0,0,0,0,0,0,0,0,0,0,0,1,0,0,1,0,0,0,0,0,1,0,0,0,0,1,0,0,0,0,0,1,0,0,0,0,0,0,0,0,0,0,0,0,0,0,0,0,0,0,0,0,0,1,0,0,0,0,0,0,1,0,1,0,0,0,0,0,0,1,0,0,0,0,0,1,0,0,0,0,1,0,0,0,0,0,0,1,0,0,0,0,0,0,0,0,0,0,0,1,0,0,0,0,0,0,0,0,0,0,1,0,0,1,0,0,0,0,1,0,0,0,1,0,0,0,0,0,1,0,0,0,0,0,0,0,0,1,150500
60,7200,4,3,5,7,1972,1972,0,3,3,4,4,4,6,632,2,0,148,780,5,6,780,0,0,780,0,0,1,0,2,1,3,4,8,0,1,1973,2,1,352,4,4,3,196,0,0,0,0,0,1,4,0,1,2008,1,0,0,0,0,0,0,0,0,0,0,0,0,0,0,0,0,0,1,0,0,1,0,0,1,0,0,0,0,0,0,0,1,0,0,0,0,0,1,0,0,0,0,0,0,0,0,0,0,0,0,0,0,0,0,0,0,0,0,0,1,0,0,0,0,0,0,1,0,1,0,0,0,0,0,0,1,0,0,0,0,0,1,0,0,0,0,1,0,0,0,0,0,0,1,0,0,0,0,0,0,0,0,0,0,0,1,0,0,0,0,0,0,0,0,0,0,1,0,0,1,0,0,0,0,1,0,0,0,1,0,0,0,0,0,1,0,0,0,0,0,0,0,0,1,124900
42,4235,4,3,5,5,1984,1984,149,4,3,5,4,3,7,552,6,393,104,1049,3,6,1049,0,0,1049,1,0,2,0,2,1,4,5,8,0,1,1984,4,1,266,4,4,3,0,105,0,0,0,0,1,1,0,2,2009,0,0,0,0,0,0,0,0,0,0,0,1,0,0,0,0,0,0,1,0,0,1,0,0,0,0,0,1,0,0,0,0,1,0,0,0,0,0,0,0,1,0,0,0,0,0,0,0,0,0,0,0,0,0,0,0,0,0,0,0,1,0,0,0,0,0,0,1,0,0,0,0,0,1,0,0,1,0,0,0,0,0,1,0,0,0,0,1,0,0,0,0,0,0,1,0,0,0,0,0,0,0,0,0,0,0,1,0,0,0,0,0,0,0,0,0,1,0,0,0,1,0,0,0,0,1,0,0,0,1,0,1,0,0,0,0,0,0,0,0,0,0,0,0,1,139500
37,7937,3,3,6,6,1984,1984,0,3,3,4,4,4,7,819,2,0,184,1003,3,6,1003,0,0,1003,1,0,1,0,3,1,3,6,8,0,1,1984,2,2,588,4,4,3,120,0,0,0,0,0,1,5,0,3,2006,0,0,0,0,0,0,0,0,1,0,0,0,0,0,0,0,0,0,1,0,0,1,0,0,0,0,0,1,0,1,0,0,0,0,0,0,0,0,0,0,0,0,0,0,0,1,0,0,0,0,0,0,0,0,0,0,0,0,0,0,1,0,0,0,0,0,0,1,0,1,0,0,0,0,0,0,0,0,0,0,1,0,1,0,0,0,0,1,0,0,0,0,0,0,1,0,0,0,0,0,0,0,0,0,0,0,1,0,0,0,0,0,0,0,0,0,0,1,0,0,1,0,0,0,0,1,0,0,0,1,0,0,0,0,0,1,0,0,0,0,0,0,0,0,1,142500
62,9858,4,3,5,6,1968,1968,0,3,3,4,4,2,5,510,2,0,354,864,3,6,874,0,0,874,1,0,1,0,3,1,3,5,8,0,1,1968,3,1,288,4,4,3,33,0,0,0,0,0,1,3,600,11,2009,1,0,0,0,0,0,0,0,0,0,0,0,0,0,0,0,0,0,1,0,0,1,0,0,0,0,0,1,0,0,0,0,1,0,0,0,0,0,0,0,0,0,0,0,0,1,0,0,0,0,0,0,0,0,0,0,0,0,0,0,1,0,0,0,0,0,0,1,0,1,0,0,0,0,0,0,1,0,0,0,0,0,1,0,0,0,0,1,0,0,0,0,0,0,1,0,0,0,0,0,0,0,0,0,0,0,1,0,0,0,0,0,0,0,0,0,0,1,0,0,1,0,0,0,0,1,0,0,0,1,0,1,0,0,0,0,0,1,0,0,0,0,0,0,1,130000
60,6600,4,3,5,8,1982,2003,0,3,4,4,5,2,7,816,2,0,0,816,5,6,816,0,0,816,1,0,1,0,2,1,3,4,8,0,1,1985,4,2,816,4,4,3,0,0,0,0,0,0,1,1,0,6,2008,1,0,0,0,0,0,0,0,0,0,0,0,0,0,0,0,0,0,1,0,0,1,0,0,0,0,0,1,0,0,0,0,1,0,0,0,0,0,0,0,0,0,0,0,0,1,0,0,0,0,0,0,0,0,0,0,0,0,0,0,1,0,0,0,0,0,0,1,0,1,0,0,0,0,0,0,1,0,0,0,0,0,1,0,0,0,0,1,0,0,0,0,0,0,1,0,0,0,0,0,0,0,0,0,0,0,1,0,0,0,0,0,0,0,0,0,0,1,0,0,0,1,0,0,0,1,0,0,0,1,0,0,0,0,0,1,0,0,0,0,0,0,0,0,1,138000
65,8125,4,3,5,7,1965,2005,0,4,3,4,4,2,6,260,4,456,196,912,5,6,925,0,0,925,1,0,1,0,3,1,3,5,8,0,1,1978,2,2,576,4,4,3,233,0,0,0,0,0,1,1,0,7,2008,1,0,0,0,0,0,0,0,0,0,0,0,0,0,0,0,0,0,1,0,0,1,0,0,0,0,0,1,0,0,0,0,1,0,0,0,0,0,0,0,0,0,0,0,0,0,1,0,0,0,0,0,0,0,0,0,0,0,0,0,1,0,0,0,0,0,0,1,0,1,0,0,0,0,0,0,1,0,0,0,0,0,0,0,1,0,0,1,0,0,0,0,0,0,1,0,0,0,0,0,0,0,0,0,0,0,1,0,0,0,0,0,0,0,0,0,0,1,0,0,1,0,0,0,0,1,0,0,0,1,0,0,0,0,0,1,0,0,0,0,0,0,0,0,1,135000
66,7920,4,3,5,5,1970,2002,32,3,3,4,4,2,6,81,7,619,214,914,5,6,914,0,0,914,0,0,1,0,3,1,5,5,8,0,1,1970,3,1,368,4,5,3,120,0,0,0,0,0,1,1,0,10,2007,1,0,0,0,0,0,0,0,0,0,0,0,0,0,0,0,0,0,1,0,0,1,0,0,0,0,0,1,0,0,0,0,1,0,0,0,0,0,0,0,0,0,0,0,0,0,1,0,0,0,0,0,0,0,0,0,0,0,0,0,1,0,0,0,0,0,0,1,0,1,0,0,0,0,0,0,1,0,0,0,0,0,1,0,0,0,0,1,0,0,0,0,0,0,1,0,0,0,0,0,0,0,0,0,0,0,1,0,0,0,0,0,0,0,0,0,1,0,0,0,1,0,0,0,0,1,0,0,0,1,0,1,0,0,0,0,0,0,0,0,0,0,0,0,1,133000
65,9750,4,3,6,8,1969,1969,0,3,3,5,4,2,6,602,3,438,14,1054,4,6,1054,0,0,1054,1,0,1,1,3,1,3,6,8,0,1,1969,2,2,460,4,4,3,180,0,0,0,80,0,1,1,0,7,2008,1,0,0,0,0,0,0,0,0,0,0,0,0,0,0,0,0,0,1,0,0,1,0,0,0,0,0,1,0,0,1,0,0,0,0,0,0,0,0,0,0,0,0,0,0,0,1,0,0,0,0,0,0,0,0,0,0,0,0,0,1,0,0,0,0,0,0,1,0,1,0,0,0,0,0,0,1,0,0,0,0,0,1,0,0,0,0,1,0,0,0,0,0,0,1,0,0,0,0,0,0,0,0,0,0,0,1,0,0,0,0,0,0,0,0,0,0,1,0,0,1,0,0,0,0,1,0,0,0,1,0,1,0,0,0,0,0,0,0,0,0,0,0,0,1,151000
70,8400,4,3,5,6,1968,1968,0,3,3,5,4,5,7,744,2,0,89,833,4,6,898,0,0,898,1,0,1,0,3,1,3,6,8,0,1,1968,3,1,326,4,4,3,143,0,0,0,0,0,1,1,0,8,2006,0,0,0,0,0,0,0,0,0,1,0,0,0,0,0,0,0,0,1,0,0,1,0,0,0,0,0,1,0,0,0,0,1,0,0,0,0,0,0,0,0,0,0,0,0,0,1,0,0,0,0,0,0,0,0,0,0,0,0,1,0,0,0,0,0,0,0,1,0,1,0,0,0,0,0,0,0,0,0,1,0,0,1,0,0,0,0,1,0,0,0,0,0,0,1,0,0,0,0,0,0,0,0,0,0,0,1,0,0,0,0,0,0,0,0,0,0,1,0,0,1,0,0,0,0,1,0,0,0,1,0,1,0,0,0,0,0,0,0,0,0,0,0,0,1,140000
70,8400,4,3,5,5,1968,1968,168,3,3,4,4,4,5,1016,2,0,36,1052,4,6,1052,0,0,1052,1,0,1,1,3,1,3,5,8,0,1,1968,3,1,288,4,4,3,356,0,0,0,0,0,1,3,0,11,2006,1,0,0,0,0,0,0,0,0,0,0,0,0,0,0,0,0,0,1,0,0,1,0,0,0,0,0,1,0,0,0,0,1,0,0,0,0,0,0,0,0,0,0,0,0,0,1,0,0,0,0,0,0,0,0,0,0,0,0,1,0,0,0,0,0,0,0,1,0,1,0,0,0,0,0,0,1,0,0,0,0,0,0,0,1,0,0,1,0,0,0,0,0,0,1,0,0,0,0,0,0,0,0,0,0,0,1,0,0,0,0,0,0,0,0,0,1,0,0,0,1,0,0,0,0,1,0,0,0,1,0,1,0,0,0,0,0,0,0,0,0,0,0,0,1,138500
62,7130,4,3,5,6,1967,1967,0,3,3,4,4,2,5,648,2,0,216,864,3,6,864,0,0,864,0,1,1,0,2,1,3,5,8,0,1,1967,4,1,312,4,4,3,0,0,0,0,0,0,1,5,0,6,2009,1,0,0,0,0,0,0,0,0,0,0,0,0,0,0,0,0,0,1,0,0,1,0,0,0,0,0,1,0,0,0,0,1,0,0,0,0,0,0,0,0,0,0,0,0,0,1,0,0,0,0,0,0,0,0,0,0,0,0,0,1,0,0,0,0,0,0,1,0,1,0,0,0,0,0,0,1,0,0,0,0,0,1,0,0,0,0,1,0,0,0,0,0,0,1,0,0,0,0,0,0,0,0,0,0,0,1,0,0,0,0,0,0,0,0,0,0,1,0,0,0,1,0,0,0,1,0,0,0,1,0,1,0,0,0,0,0,0,0,0,0,0,0,0,1,130000
65,7150,4,3,5,5,1967,1967,60,3,3,4,4,2,5,432,2,0,460,892,3,6,892,0,0,892,0,0,1,0,3,1,3,5,8,0,1,1967,3,1,288,4,4,3,0,0,0,0,0,0,1,3,0,7,2009,1,0,0,0,0,0,0,0,0,0,0,0,0,0,0,0,0,0,1,0,0,1,0,0,0,0,0,1,0,0,0,0,1,0,0,0,0,0,0,0,0,0,0,0,0,0,1,0,0,0,0,0,0,0,0,0,0,0,0,0,1,0,0,0,0,0,0,1,0,1,0,0,0,0,0,0,1,0,0,0,0,0,1,0,0,0,0,1,0,0,0,0,0,0,1,0,0,0,0,0,0,0,0,0,0,0,1,0,0,0,0,0,0,0,0,0,1,0,0,0,1,0,0,0,0,1,0,0,0,1,0,1,0,0,0,0,0,0,0,0,0,0,0,0,1,100000
68,7838,4,3,5,5,1967,1967,0,3,3,4,4,4,6,769,2,0,95,864,3,6,900,0,0,900,1,0,1,0,3,1,3,6,8,1,2,1967,3,1,288,4,4,3,175,144,0,0,0,0,1,2,0,12,2006,0,0,0,0,0,0,0,0,0,1,0,0,0,0,0,0,0,0,1,0,0,1,0,0,0,0,0,1,0,0,0,0,1,0,0,0,0,0,0,0,0,0,0,0,0,0,1,0,0,0,0,0,0,0,0,0,0,0,0,0,1,0,0,0,0,0,0,1,0,1,0,0,0,0,0,0,0,0,0,1,0,0,1,0,0,0,0,1,0,0,0,0,0,0,1,0,0,0,0,0,0,0,0,0,0,0,1,0,0,0,0,0,0,0,0,0,0,1,0,0,1,0,0,0,0,1,0,0,0,1,0,1,0,0,0,0,0,0,0,0,0,0,0,0,1,123000
80,9600,4,3,7,6,1973,1973,320,3,3,4,4,2,6,916,2,0,326,1242,2,6,1242,0,0,1242,0,0,1,1,3,1,3,6,8,1,4,1973,2,2,528,4,4,3,0,0,0,0,0,0,1,1,0,9,2007,1,0,0,0,0,0,0,0,0,0,0,0,0,0,0,0,0,0,1,0,0,1,0,0,0,0,0,1,0,0,0,0,1,0,0,0,0,0,0,0,0,0,0,0,0,0,0,0,1,0,0,0,0,0,0,0,0,0,0,0,1,0,0,0,0,0,0,1,0,1,0,0,0,0,0,0,1,0,0,0,0,0,0,0,1,0,0,1,0,0,0,0,0,0,1,0,0,0,0,0,0,0,0,0,0,0,1,0,0,0,0,0,0,0,0,0,1,0,0,0,1,0,0,0,0,1,0,0,0,1,0,1,0,0,0,0,0,0,0,0,0,0,0,0,1,175500
80,9600,4,3,7,5,1969,1969,168,3,3,4,4,2,2,0,2,0,1164,1164,3,6,1164,0,0,1164,0,0,1,1,3,1,3,6,8,0,1,1969,2,2,528,4,4,3,0,0,0,0,0,0,1,1,0,7,2006,1,0,0,0,0,0,0,0,0,0,0,0,0,0,0,0,0,0,1,0,0,1,0,0,0,0,0,1,0,0,0,0,1,0,0,0,0,0,0,0,0,0,0,0,0,0,0,0,1,0,0,0,0,0,0,0,0,0,0,0,1,0,0,0,0,0,0,1,0,1,0,0,0,0,0,0,1,0,0,0,0,0,0,0,1,0,0,1,0,0,0,0,0,0,1,0,0,0,0,0,0,0,0,0,0,0,1,0,0,0,0,0,0,0,0,0,1,0,0,0,1,0,0,0,0,1,0,0,0,1,0,1,0,0,0,0,0,0,1,0,0,0,0,0,0,140000
80,9600,4,3,5,5,1969,1969,128,3,3,5,4,3,6,553,4,147,588,1288,3,6,1336,0,0,1336,0,1,2,0,3,1,3,6,8,1,3,1969,3,2,502,4,4,3,312,11,0,0,0,0,1,1,650,8,2009,1,0,0,0,0,0,0,0,0,0,0,0,0,0,0,0,0,0,1,0,0,1,0,0,0,0,0,1,0,0,0,0,1,0,0,0,0,0,0,0,0,0,0,0,0,0,0,0,1,0,0,0,0,0,0,0,0,0,0,1,0,0,0,0,0,0,0,1,0,1,0,0,0,0,0,0,1,0,0,0,0,0,1,0,0,0,0,1,0,0,0,0,0,0,1,0,0,0,0,0,0,0,0,0,0,0,1,0,0,0,0,0,0,0,0,0,1,0,0,0,1,0,0,0,0,1,0,0,0,1,0,1,0,0,0,0,0,1,0,0,0,0,0,0,1,163000
74,7844,4,3,6,7,1978,1978,203,3,3,4,4,2,6,209,2,0,463,672,3,6,672,728,0,1400,0,0,1,1,3,1,3,6,8,1,4,1978,4,2,440,4,4,3,0,0,0,0,0,0,1,1,0,3,2006,0,0,0,0,0,1,0,0,0,0,0,0,0,0,0,0,0,0,1,0,0,1,0,0,0,0,0,1,0,0,0,0,1,0,0,0,0,0,0,0,0,0,0,0,0,0,0,0,0,0,0,0,1,0,0,0,0,0,0,0,1,0,0,0,0,0,0,1,0,1,0,0,0,0,0,0,0,0,1,0,0,0,0,0,1,0,0,1,0,0,0,0,0,0,1,0,0,0,0,0,0,0,0,0,0,0,1,0,0,0,0,0,0,0,0,0,1,0,0,0,1,0,0,0,0,1,0,0,0,1,0,1,0,0,0,0,0,0,0,0,0,0,0,0,1,149500
65,8450,4,3,5,5,1968,1968,0,3,3,4,3,3,6,890,2,0,0,890,4,6,890,0,0,890,1,0,1,0,3,1,3,5,8,0,1,1970,2,1,308,4,4,3,0,0,0,0,0,0,1,1,0,4,2008,0,0,0,0,0,0,0,0,0,0,0,0,0,0,1,0,0,0,1,0,0,1,0,0,0,0,0,1,0,0,0,0,1,0,0,0,0,0,0,0,0,0,0,0,0,0,0,0,0,0,0,0,1,0,0,0,0,0,0,0,0,0,1,0,0,0,0,1,0,0,1,0,0,0,0,0,1,0,0,0,0,0,1,0,0,0,0,1,0,0,0,0,0,0,1,0,0,0,0,0,0,0,0,0,0,0,1,0,0,0,0,0,0,0,0,0,0,1,0,0,1,0,0,0,0,1,0,0,1,0,0,0,0,0,0,1,0,0,0,0,0,0,0,0,1,115000
80,9364,4,3,6,7,1969,1969,143,3,3,4,4,2,6,371,2,0,292,663,3,6,663,689,0,1352,0,0,1,1,4,1,3,7,8,0,1,1969,4,1,299,4,4,3,379,36,0,0,0,0,1,4,0,3,2010,0,0,0,0,0,1,0,0,0,0,0,0,0,0,0,0,0,0,1,0,0,1,0,0,0,0,0,1,1,0,0,0,0,0,0,0,0,0,0,0,0,0,0,0,0,0,0,0,0,0,0,0,1,0,0,0,0,0,0,0,1,0,0,0,0,0,0,1,0,1,0,0,0,0,0,0,0,0,1,0,0,0,1,0,0,0,0,1,0,0,0,0,0,0,1,0,0,0,0,0,0,0,0,0,0,0,1,0,0,0,0,0,0,0,0,0,0,0,1,0,1,0,0,0,0,1,0,0,0,1,0,1,0,0,0,0,0,0,0,0,0,0,0,0,1,158000
65,7832,4,3,5,5,1968,1968,0,3,3,4,4,2,7,775,2,0,89,864,5,6,864,0,0,864,1,0,1,0,2,1,3,4,8,0,1,1969,2,1,280,4,4,3,226,0,0,0,0,0,1,1,0,5,2010,1,0,0,0,0,0,0,0,0,0,0,0,0,0,0,0,0,0,1,0,0,1,0,0,0,0,0,1,0,0,0,0,1,0,0,0,0,0,0,0,0,0,0,0,0,0,0,0,0,0,0,0,1,0,0,0,0,0,0,0,1,0,0,0,0,0,0,1,0,1,0,0,0,0,0,0,1,0,0,0,0,0,0,0,1,0,0,1,0,0,0,0,0,0,1,0,0,0,0,0,0,0,0,0,0,0,1,0,0,0,0,0,0,0,0,0,0,1,0,0,1,0,0,0,0,1,0,0,0,1,0,0,0,0,0,1,0,0,0,0,0,0,0,0,1,137250
86,8665,3,3,5,5,1968,1968,89,3,3,4,4,3,4,168,5,288,420,876,3,6,897,0,0,897,0,0,1,0,3,1,3,5,8,0,1,1968,3,1,264,4,4,3,0,0,0,0,0,0,1,1,0,1,2007,1,0,0,0,0,0,0,0,0,0,0,0,0,0,0,0,0,0,1,0,0,1,0,0,0,0,0,1,0,0,0,0,1,0,0,0,0,0,0,0,0,0,0,0,0,0,0,0,0,0,0,0,1,0,0,0,0,0,0,0,1,0,0,0,0,0,0,1,0,1,0,0,0,0,0,0,1,0,0,0,0,0,1,0,0,0,0,1,0,0,0,0,0,0,1,0,0,0,0,0,0,0,0,0,0,0,1,0,0,0,0,0,0,0,0,0,1,0,0,0,1,0,0,0,0,1,0,0,0,1,0,1,0,0,0,0,0,0,0,0,0,0,0,0,1,115000
55,8250,4,3,5,5,1968,1968,0,3,3,4,4,2,5,250,3,492,210,952,5,6,1211,0,0,1211,0,0,1,0,3,1,3,5,8,1,4,1968,2,1,322,4,4,3,0,63,0,0,0,0,1,1,0,8,2008,1,0,0,0,0,0,0,0,0,0,0,0,0,0,0,0,0,0,1,0,0,1,0,0,0,0,0,1,0,0,0,0,1,0,0,0,0,0,0,0,0,0,0,0,0,0,0,0,0,0,0,0,1,0,0,0,0,0,0,1,0,0,0,0,0,0,0,1,0,1,0,0,0,0,0,0,1,0,0,0,0,0,0,0,1,0,0,1,0,0,0,0,0,0,1,0,0,0,0,0,0,0,0,0,0,0,1,0,0,0,0,0,0,0,0,0,0,1,0,0,1,0,0,0,0,1,0,0,0,1,0,1,0,0,0,0,0,0,0,0,0,0,0,0,1,134000
65,7800,4,3,5,7,1967,2004,89,3,3,4,4,2,6,450,2,0,414,864,5,6,899,0,0,899,0,0,1,0,3,1,4,5,8,0,1,1967,4,1,288,4,4,3,64,0,0,0,0,0,1,4,0,6,2009,1,0,0,0,0,0,0,0,0,0,0,0,0,0,0,0,0,0,1,0,0,1,0,0,0,0,0,1,0,0,0,0,1,0,0,0,0,0,0,0,0,0,0,0,0,0,0,0,0,0,0,0,1,0,0,0,0,0,0,0,1,0,0,0,0,0,0,1,0,1,0,0,0,0,0,0,1,0,0,0,0,0,0,0,1,0,0,1,0,0,0,0,0,0,1,0,0,0,0,0,0,0,0,0,0,0,1,0,0,0,0,0,0,0,0,0,1,0,0,0,0,1,0,0,0,1,0,0,0,1,0,1,0,0,0,0,0,0,0,0,0,0,0,0,1,130000
76,8314,4,3,5,7,1982,1982,0,3,3,4,4,5,6,546,2,0,270,816,3,6,816,0,0,816,0,0,1,0,2,1,3,5,8,0,1,1982,2,1,264,4,4,3,168,0,0,0,0,0,1,1,0,6,2007,1,0,0,0,0,0,0,0,0,0,0,0,0,0,0,0,0,0,1,0,0,1,0,0,0,0,0,1,1,0,0,0,0,0,0,0,0,0,0,0,0,0,0,0,0,1,0,0,0,0,0,0,0,0,0,0,0,0,0,0,1,0,0,0,0,0,0,1,0,1,0,0,0,0,0,0,1,0,0,0,0,0,1,0,0,0,0,1,0,0,0,0,0,0,1,0,0,0,0,0,0,0,0,0,0,0,0,1,0,0,0,0,0,0,0,0,0,1,0,0,1,0,0,0,0,1,0,0,0,1,0,1,0,0,0,0,0,0,0,0,0,0,0,0,1,124500
61,9758,3,3,5,5,1971,1971,0,3,3,4,4,2,5,412,3,287,251,950,3,6,950,0,0,950,0,0,1,0,3,1,3,5,8,0,1,1981,2,1,280,4,4,3,0,0,0,0,0,0,1,1,0,7,2007,1,0,0,0,0,0,0,0,0,0,0,0,0,0,0,0,0,0,1,0,0,1,0,0,0,0,0,1,0,0,0,0,1,0,0,0,0,0,0,0,0,0,0,0,0,0,1,0,0,0,0,0,0,0,0,0,0,0,0,0,1,0,0,0,0,0,0,1,0,1,0,0,0,0,0,0,1,0,0,0,0,0,1,0,0,0,0,1,0,0,0,0,0,0,1,0,0,0,0,0,0,0,0,0,0,0,0,0,1,0,0,0,0,0,0,0,0,1,0,0,1,0,0,0,0,1,0,0,0,1,0,0,0,0,0,1,0,0,0,0,0,0,0,0,1,119500
24,1879,4,3,6,6,1980,1980,0,3,3,5,4,2,7,366,2,0,150,516,3,6,516,516,0,1032,0,0,1,0,2,1,3,5,8,1,4,1980,2,2,462,4,4,3,213,0,0,0,0,0,1,5,0,12,2008,0,0,0,0,0,0,0,0,0,0,0,0,1,0,0,0,0,0,0,1,0,1,0,0,0,0,0,1,0,1,0,0,0,0,1,0,0,0,0,0,0,0,0,0,0,0,0,0,0,0,0,0,0,0,0,0,0,0,0,0,1,0,0,0,0,0,0,1,0,0,0,0,1,0,0,0,0,0,1,0,0,0,1,0,0,0,0,1,0,0,0,0,0,0,0,1,0,0,0,0,0,0,0,0,0,0,0,0,1,0,0,0,0,0,0,0,0,1,0,0,1,0,0,0,0,1,0,0,0,1,0,0,0,0,0,1,0,0,0,0,0,0,0,0,1,116500
24,1733,4,3,6,6,1980,1980,0,3,3,4,4,2,2,0,2,0,516,516,3,6,516,516,0,1032,0,0,1,0,2,1,3,5,8,1,4,1980,2,2,452,4,4,3,279,0,0,0,0,0,1,5,0,5,2009,0,0,0,0,0,0,0,0,0,0,0,0,1,0,0,0,0,0,0,1,0,1,0,0,0,0,0,1,0,0,0,0,1,0,1,0,0,0,0,0,0,0,0,0,0,0,0,0,0,0,0,0,0,0,0,0,0,0,0,0,1,0,0,0,0,0,0,1,0,0,0,0,1,0,0,0,0,0,1,0,0,0,1,0,0,0,0,1,0,0,0,0,0,0,0,1,0,0,0,0,0,0,0,0,0,0,0,0,1,0,0,0,0,0,0,0,0,1,0,0,1,0,0,0,0,1,0,0,0,1,0,0,0,0,0,1,0,0,0,0,0,0,0,0,1,115000
24,1782,4,3,6,6,1980,1980,0,3,4,5,4,2,7,330,2,0,186,516,4,6,529,516,0,1045,0,0,1,0,2,1,3,5,8,1,4,1980,2,2,462,4,4,3,180,0,0,0,0,0,1,4,0,12,2007,0,0,0,0,0,0,0,0,0,0,0,0,1,0,0,0,0,0,0,1,0,1,0,0,0,0,0,1,0,0,0,0,1,0,1,0,0,0,0,0,0,0,0,0,0,0,0,0,0,0,0,0,0,0,0,0,0,0,0,0,1,0,0,0,0,0,0,1,0,0,0,0,1,0,0,0,0,0,1,0,0,0,1,0,0,0,0,1,0,0,0,0,0,0,0,1,0,0,0,0,0,0,0,0,0,0,0,0,1,0,0,0,0,0,0,0,0,1,0,0,1,0,0,0,0,1,0,0,0,1,0,0,0,0,0,1,0,0,0,0,0,0,0,0,1,123900
24,1612,4,3,6,6,1980,1980,0,3,3,5,4,2,2,0,2,0,561,561,3,6,561,668,0,1229,0,0,1,1,2,1,3,5,8,1,4,1980,4,2,462,4,4,3,154,0,0,0,0,0,1,4,0,7,2009,0,0,0,0,0,0,0,0,0,0,0,0,1,0,0,0,0,0,0,1,0,1,0,0,0,0,0,1,0,0,0,0,1,0,1,0,0,0,0,0,0,0,0,0,0,0,0,0,0,0,0,0,0,0,0,0,0,0,0,0,1,0,0,0,0,0,0,1,0,0,0,0,1,0,0,0,0,0,1,0,0,0,1,0,0,0,0,1,0,0,0,0,0,0,0,1,0,0,0,0,0,0,0,0,0,0,0,0,1,0,0,0,0,0,0,0,0,1,0,0,1,0,0,0,0,1,0,0,0,1,0,1,0,0,0,0,0,0,0,0,0,0,0,0,1,121000
24,1488,4,3,6,6,1980,1992,0,3,4,5,4,3,6,471,2,0,90,561,3,6,561,668,0,1229,1,0,1,1,2,1,4,5,8,1,4,1980,4,2,462,4,4,3,176,0,0,0,0,0,1,5,0,10,2009,0,0,0,0,0,0,0,0,0,0,0,0,1,0,0,0,0,0,0,1,0,1,0,0,0,0,0,1,0,0,0,0,1,0,1,0,0,0,0,0,0,0,0,0,0,0,0,0,0,0,0,0,0,0,0,0,0,0,0,0,1,0,0,0,0,0,0,1,0,0,0,0,0,1,0,0,0,0,1,0,0,0,1,0,0,0,0,1,0,0,0,0,0,0,0,1,0,0,0,0,0,0,0,0,0,0,0,0,1,0,0,0,0,0,0,0,0,1,0,0,1,0,0,0,0,1,0,0,0,1,0,1,0,0,0,0,0,0,0,0,0,0,0,0,1,137000
24,1300,4,3,6,6,1980,1980,0,3,3,5,4,2,6,285,2,0,276,561,3,6,561,668,0,1229,0,0,1,1,2,1,3,5,8,1,4,1980,4,2,462,4,4,3,150,0,0,0,0,0,1,5,0,5,2009,0,0,0,0,0,0,0,0,0,0,0,0,1,0,0,0,0,0,0,1,0,1,0,0,0,0,0,1,0,0,0,0,1,0,1,0,0,0,0,0,0,0,0,0,0,0,0,0,0,0,0,0,0,0,0,0,0,0,0,0,1,0,0,0,0,0,0,1,0,0,0,0,0,1,0,0,0,0,1,0,0,0,1,0,0,0,0,1,0,0,0,0,0,0,0,1,0,0,0,0,0,0,0,0,0,0,0,0,1,0,0,0,0,0,0,0,0,1,0,0,1,0,0,0,0,1,0,0,0,1,0,1,0,0,0,0,0,0,0,0,0,0,0,0,1,124000
120,9560,3,3,5,7,1972,1972,0,3,4,4,4,3,4,360,2,0,504,864,5,6,864,0,0,864,0,0,1,0,3,1,3,5,8,0,1,1972,3,1,288,4,4,3,0,0,0,0,0,0,1,1,0,6,2006,1,0,0,0,0,0,0,0,0,0,0,0,0,0,0,0,0,0,1,0,0,1,0,0,0,0,0,1,1,0,0,0,0,0,0,0,0,0,1,0,0,0,0,0,0,0,0,0,0,0,0,0,0,0,0,0,0,0,0,0,1,0,0,0,0,0,0,1,0,1,0,0,0,0,0,0,1,0,0,0,0,0,0,0,1,0,0,1,0,0,0,0,0,0,0,1,0,0,0,0,0,0,0,0,0,0,0,0,1,0,0,0,0,0,0,0,0,1,0,0,1,0,0,0,0,1,0,0,0,1,0,1,0,0,0,0,0,0,0,0,0,0,0,0,1,128500
60,7200,4,3,5,5,1972,1972,0,3,3,4,4,4,4,777,2,0,117,894,3,6,894,0,0,894,0,0,1,0,2,1,3,6,8,0,1,1985,3,2,600,4,4,3,215,0,0,0,0,0,1,1,0,9,2009,1,0,0,0,0,0,0,0,0,0,0,0,0,0,0,0,0,0,1,0,0,1,0,0,0,0,1,0,0,0,0,0,1,0,0,0,0,0,1,0,0,0,0,0,0,0,0,0,0,0,0,0,0,0,0,0,0,0,0,0,1,0,0,0,0,0,0,1,0,1,0,0,0,0,0,0,1,0,0,0,0,0,0,0,1,0,0,1,0,0,0,0,0,0,0,1,0,0,0,0,0,0,0,0,0,0,0,0,1,0,0,0,0,0,0,0,0,1,0,0,1,0,0,0,0,1,0,0,0,1,0,0,0,0,0,1,0,0,0,0,0,0,0,0,1,123000
50,8405,4,3,5,8,1900,1950,0,3,3,4,5,2,4,241,5,391,229,861,5,6,961,406,0,1367,1,0,1,0,4,1,3,7,8,0,1,1978,2,1,384,4,4,3,0,130,112,0,0,0,1,4,0,4,2008,0,0,0,0,1,0,0,0,0,0,0,0,0,0,0,0,0,0,1,0,0,1,1,0,0,0,0,1,0,0,0,0,1,0,0,0,0,0,0,0,1,0,0,0,0,0,0,0,0,0,0,0,0,0,0,0,0,0,0,0,1,0,0,0,0,0,0,1,0,1,0,0,0,0,1,0,0,0,0,0,0,0,1,0,0,0,0,1,0,0,0,0,0,0,0,1,0,0,0,0,0,0,0,0,0,0,0,0,1,0,0,0,0,0,0,0,0,1,0,1,0,0,0,0,0,1,0,0,0,1,0,0,0,0,0,1,0,0,0,0,0,0,0,0,1,119000
75,9937,4,3,5,7,1964,1999,0,3,4,4,4,2,5,637,2,0,849,1486,5,6,1486,0,0,1486,1,0,1,0,3,1,3,7,8,0,1,1968,4,2,480,4,4,3,0,0,0,0,0,0,1,4,0,3,2009,1,0,0,0,0,0,0,0,0,0,0,0,0,0,0,0,0,0,1,0,0,1,0,0,0,0,0,1,1,0,0,0,0,0,0,0,0,0,0,0,1,0,0,0,0,0,0,0,0,0,0,0,0,0,0,0,0,0,0,0,1,0,0,0,0,0,0,1,0,1,0,0,0,0,0,0,1,0,0,0,0,0,0,0,1,0,0,1,0,0,0,0,0,0,0,1,0,0,0,0,0,0,0,0,0,0,0,0,1,0,0,0,0,0,0,0,0,1,0,0,0,1,0,0,0,1,0,0,0,1,0,0,0,0,0,1,0,0,0,0,0,0,0,0,1,167000
70,7763,4,3,5,7,1962,1980,0,3,4,4,4,2,4,504,5,108,319,931,3,6,1283,0,0,1283,1,0,1,0,3,1,3,6,8,0,1,1980,2,2,506,4,4,3,0,0,0,0,0,0,1,1,0,10,2008,1,0,0,0,0,0,0,0,0,0,0,0,0,0,0,0,0,0,1,0,0,1,0,0,0,0,0,1,0,0,0,0,1,0,0,0,0,0,0,0,0,0,0,0,0,0,1,0,0,0,0,0,0,0,0,0,0,0,0,0,1,0,0,0,0,0,0,1,0,1,0,0,0,0,0,0,1,0,0,0,0,0,1,0,0,0,0,1,0,0,0,0,0,0,0,1,0,0,0,0,0,0,0,0,0,0,0,0,1,0,0,0,0,0,0,0,0,1,0,0,1,0,0,0,0,1,0,0,0,1,0,0,0,0,0,1,0,0,0,0,0,0,0,0,1,140000
63,7560,4,3,5,5,1971,1971,0,3,3,5,4,2,4,119,6,613,132,864,3,6,864,0,0,864,1,0,1,0,3,1,3,5,8,0,1,1977,2,2,576,4,4,3,0,0,0,0,0,0,1,1,0,5,2008,1,0,0,0,0,0,0,0,0,0,0,0,0,0,0,0,0,0,1,0,0,1,0,0,0,0,0,1,0,0,0,0,1,0,0,0,0,0,0,0,0,0,0,0,0,0,1,0,0,0,0,0,0,0,0,0,0,0,0,0,1,0,0,0,0,0,0,1,0,1,0,0,0,0,0,0,1,0,0,0,0,0,0,0,1,0,0,1,0,0,0,0,0,0,0,1,0,0,0,0,0,0,0,0,0,0,0,0,1,0,0,0,0,0,0,0,0,1,0,0,1,0,0,0,0,1,0,0,0,1,0,0,0,0,0,1,0,0,0,0,0,0,0,0,1,123000
102,9373,3,3,5,6,1953,1953,84,3,3,4,4,2,4,500,3,196,456,1152,3,6,1152,0,0,1152,0,0,1,1,3,1,3,6,8,0,1,1971,2,2,636,4,4,3,0,0,0,0,0,0,1,1,0,5,2008,1,0,0,0,0,0,0,0,0,0,0,0,0,0,0,0,0,0,1,0,0,1,0,0,0,0,0,1,1,0,0,0,0,0,0,0,0,0,0,0,0,0,0,0,0,0,1,0,0,0,0,0,0,0,0,0,0,0,0,0,1,0,0,0,0,0,0,1,0,1,0,0,0,0,0,0,1,0,0,0,0,0,1,0,0,0,0,1,0,0,0,0,0,0,0,1,0,0,0,0,0,0,0,0,0,0,0,0,1,0,0,0,0,0,0,0,1,0,0,0,1,0,0,0,0,1,0,0,0,1,0,0,0,0,0,1,0,0,0,0,0,0,0,0,1,137500
73,8814,4,3,5,6,1968,1968,0,3,3,4,4,2,3,732,2,0,0,732,5,6,732,732,0,1464,0,0,1,1,4,1,3,7,8,0,1,1968,2,2,470,4,4,3,0,40,0,0,0,0,1,1,0,6,2008,0,0,0,0,0,1,0,0,0,0,0,0,0,0,0,0,0,0,1,0,0,1,0,0,0,0,0,1,0,0,0,0,1,0,0,0,0,0,0,0,0,0,0,0,0,0,1,0,0,0,0,0,0,0,0,0,0,0,0,1,0,0,0,0,0,0,0,1,0,1,0,0,0,0,0,0,0,0,1,0,0,0,1,0,0,0,0,1,0,0,0,0,0,0,0,1,0,0,0,0,0,0,0,0,0,0,0,0,1,0,0,0,0,0,0,0,0,1,0,0,1,0,0,0,0,1,0,0,0,1,0,1,0,0,0,0,0,0,0,0,0,0,0,0,1,141000
80,9600,4,3,5,5,1968,1968,0,3,3,4,4,2,6,758,2,0,293,1051,4,6,1051,0,0,1051,1,0,1,0,3,1,3,6,8,0,1,1968,3,2,504,4,4,3,0,0,0,0,0,0,1,1,0,7,2006,1,0,0,0,0,0,0,0,0,0,0,0,0,0,0,0,0,0,1,0,0,1,0,0,0,0,0,1,1,0,0,0,0,0,0,0,0,0,0,0,0,0,0,0,0,0,1,0,0,0,0,0,0,0,0,0,0,0,0,1,0,0,0,0,0,0,0,1,0,1,0,0,0,0,0,0,1,0,0,0,0,0,1,0,0,0,0,1,0,0,0,0,0,0,0,1,0,0,0,0,0,0,0,0,0,0,0,0,1,0,0,0,0,0,0,0,0,1,0,0,1,0,0,0,0,1,0,0,0,1,0,1,0,0,0,0,0,0,0,0,0,0,0,0,1,142000
64,8712,3,3,5,7,1957,2000,0,3,4,4,4,3,5,860,2,0,132,992,3,6,1306,0,0,1306,1,0,1,0,2,1,3,5,8,0,1,1968,2,1,756,4,4,3,0,0,0,0,0,0,1,1,0,5,2009,1,0,0,0,0,0,0,0,0,0,0,0,0,0,0,0,0,0,1,0,0,1,0,0,0,0,0,1,0,0,0,0,1,0,0,0,0,0,0,0,0,0,0,0,0,0,1,0,0,0,0,0,0,0,0,0,0,0,0,0,1,0,0,0,0,0,0,1,0,1,0,0,0,0,0,0,1,0,0,0,0,0,0,0,1,0,0,1,0,0,0,0,0,0,0,1,0,0,0,0,0,0,0,0,0,0,0,0,1,0,0,0,0,0,0,0,0,1,0,0,1,0,0,0,0,1,0,0,0,1,0,0,0,0,0,1,0,0,0,0,0,0,0,0,1,153000
60,9600,4,3,5,7,1949,2003,0,3,3,4,4,2,6,220,2,0,625,845,3,6,893,0,0,893,0,1,1,0,2,1,4,4,8,0,1,1985,2,2,576,4,4,3,0,0,0,0,0,0,1,1,0,5,2007,0,0,0,1,0,0,0,0,0,0,0,0,0,0,0,0,0,0,1,0,0,1,0,0,0,0,0,1,0,0,0,0,1,0,0,0,0,0,0,0,0,0,0,0,0,0,1,0,0,0,0,0,0,0,0,0,0,0,0,0,1,0,0,0,0,0,0,1,0,1,0,0,0,0,0,1,0,0,0,0,0,0,1,0,0,0,0,1,0,0,0,0,0,0,0,1,0,0,0,0,0,0,0,0,0,0,0,0,1,0,0,0,0,0,0,0,0,1,0,0,1,0,0,0,0,1,0,0,0,1,0,0,0,0,0,1,0,0,0,0,0,0,0,0,1,135000
50,6000,4,3,3,7,1948,2002,0,3,4,4,4,2,6,331,2,0,318,649,5,6,679,504,0,1183,0,0,1,1,2,1,3,6,8,0,1,1981,2,1,308,4,4,3,0,176,0,0,0,0,1,1,0,6,2007,0,0,0,0,1,0,0,0,0,0,0,0,0,0,0,0,0,0,0,1,0,1,0,0,0,0,0,1,0,0,0,0,1,0,0,0,0,0,0,0,0,0,0,0,0,0,0,0,0,0,1,0,0,0,0,0,0,0,0,0,1,0,0,0,0,0,0,1,0,1,0,0,0,0,1,0,0,0,0,0,0,0,1,0,0,0,0,1,0,0,0,0,0,0,0,1,0,0,0,0,0,0,0,0,0,0,0,0,1,0,0,0,0,0,0,0,0,1,0,0,1,0,0,0,0,1,0,0,0,1,0,0,0,0,0,1,0,0,0,0,0,0,0,0,1,120000
60,6978,4,3,5,7,1926,1980,0,4,4,4,4,2,2,0,2,0,850,850,3,6,960,0,0,960,0,0,1,0,2,1,3,5,8,0,1,1981,3,2,576,4,4,3,0,0,116,0,0,0,1,1,0,4,2007,0,1,0,0,0,0,0,0,0,0,0,0,0,0,0,0,0,0,0,1,0,1,0,0,1,0,0,0,0,0,0,0,1,0,0,0,0,0,0,0,0,0,0,0,0,0,0,0,0,0,1,0,0,0,0,0,0,0,1,0,0,0,0,0,0,0,0,1,0,1,0,0,0,0,0,0,1,0,0,0,0,0,1,0,0,0,0,1,0,0,0,0,0,0,0,1,0,0,0,0,0,0,0,0,0,0,0,0,1,0,0,0,0,0,0,0,0,1,0,1,0,0,0,0,0,1,0,0,0,1,0,0,0,0,0,1,0,0,0,0,0,0,0,0,1,103000
50,6000,4,3,6,6,1927,1950,0,3,3,4,4,2,4,276,2,0,569,845,3,6,866,430,0,1296,0,0,1,0,3,1,3,6,8,0,1,1980,2,2,576,4,4,3,0,0,175,0,0,0,1,1,0,7,2007,0,0,0,0,1,0,0,0,0,0,0,0,0,0,0,0,0,0,0,1,0,1,1,0,0,0,0,1,0,0,0,0,1,0,0,0,0,0,0,0,0,0,0,0,0,0,0,0,0,0,1,0,0,0,0,0,0,0,0,0,1,0,0,0,0,0,0,1,0,1,0,0,0,0,1,0,0,0,0,0,0,0,1,0,0,0,0,1,0,0,0,0,0,0,0,1,0,0,0,0,0,0,0,0,0,0,0,0,1,0,0,0,0,0,0,0,0,1,0,1,0,0,0,0,0,1,0,0,0,1,0,0,0,0,0,1,0,0,0,0,0,0,0,0,1,127500
60,7200,4,3,5,5,1980,1980,180,3,3,5,4,5,7,936,2,0,0,936,3,6,936,0,0,936,1,0,1,0,2,1,3,4,8,0,1,1980,2,2,672,4,4,3,49,0,0,0,0,0,1,1,0,8,2007,0,0,0,0,0,0,0,0,0,0,1,0,0,0,0,0,0,0,0,1,0,1,1,0,0,0,0,1,0,0,0,0,1,0,0,0,0,0,0,0,0,0,0,0,0,0,0,0,0,0,1,0,0,0,0,0,0,0,0,0,1,0,0,0,0,0,0,1,0,0,0,1,0,0,0,0,0,0,0,1,0,0,1,0,0,0,0,1,0,0,0,0,0,0,0,1,0,0,0,0,0,0,0,0,0,0,0,0,1,0,0,0,0,0,0,0,1,0,0,0,1,0,0,0,0,1,0,0,0,1,0,0,0,0,0,1,0,0,0,0,0,0,0,0,1,140000
70,7420,4,3,5,5,1962,1962,0,3,3,4,4,2,4,417,2,0,640,1057,3,6,1057,0,0,1057,0,0,1,0,3,1,3,6,8,0,1,1977,4,2,576,4,4,3,0,0,0,0,0,0,1,1,0,4,2007,1,0,0,0,0,0,0,0,0,0,0,0,0,0,0,0,0,0,1,0,0,1,0,0,0,0,0,1,0,0,0,0,1,0,0,0,0,0,0,0,0,0,0,0,0,0,0,0,0,0,0,0,1,0,0,0,0,0,0,0,1,0,0,0,0,0,0,1,0,1,0,0,0,0,0,0,1,0,0,0,0,0,0,0,1,0,0,1,0,0,0,0,0,0,0,1,0,0,0,0,0,0,0,0,0,0,0,0,1,0,0,0,0,0,0,0,0,1,0,0,1,0,0,0,0,1,0,0,0,1,0,0,0,0,0,1,0,0,0,0,0,0,0,0,1,132000
65,8450,4,3,5,8,1965,2009,0,3,4,4,4,2,7,553,5,117,224,894,5,6,894,0,0,894,1,0,1,0,3,1,3,5,8,1,5,1973,2,1,336,4,4,3,416,144,0,0,0,0,1,4,0,4,2010,1,0,0,0,0,0,0,0,0,0,0,0,0,0,0,0,0,0,1,0,0,1,0,0,0,0,0,1,0,0,0,0,1,0,0,0,0,0,0,0,0,0,0,0,0,0,0,0,0,0,0,0,1,0,0,0,0,0,0,0,0,0,1,0,0,0,0,1,0,1,0,0,0,0,0,0,1,0,0,0,0,0,1,0,0,0,0,1,0,0,0,0,0,0,0,1,0,0,0,0,0,0,0,0,0,0,0,0,1,0,0,0,0,0,0,0,0,1,0,0,1,0,0,0,0,1,0,0,0,1,0,0,0,0,0,1,0,0,0,0,0,0,0,0,1,138500
50,8340,3,3,6,6,1977,1977,62,3,3,5,4,4,7,509,2,0,166,675,3,6,686,702,0,1388,0,0,1,1,3,1,3,6,8,0,1,1977,2,1,317,4,4,3,406,36,0,0,0,0,1,1,0,12,2006,0,0,0,0,0,1,0,0,0,0,0,0,0,0,0,0,0,0,1,0,0,1,0,0,0,0,0,1,0,0,0,0,1,0,0,0,0,0,1,0,0,0,0,0,0,0,0,0,0,0,0,0,0,0,0,0,0,0,0,0,1,0,0,0,0,0,0,1,0,1,0,0,0,0,0,0,0,0,1,0,0,0,1,0,0,0,0,1,0,0,0,0,0,0,1,0,0,0,0,0,0,0,0,0,0,0,0,0,0,1,0,0,0,0,0,0,1,0,0,0,1,0,0,0,0,1,0,0,0,1,0,1,0,0,0,0,0,0,0,0,0,0,0,0,1,157500
69,9920,3,3,5,6,1969,1969,0,3,3,5,4,5,6,523,2,0,448,971,3,6,971,0,0,971,0,0,1,1,3,1,3,5,8,1,2,1969,2,1,300,4,4,3,0,0,0,0,0,0,1,1,0,5,2006,1,0,0,0,0,0,0,0,0,0,0,0,0,0,0,0,0,0,1,0,0,1,0,0,0,0,0,1,0,0,0,0,1,0,0,0,0,0,1,0,0,0,0,0,0,0,0,0,0,0,0,0,0,0,0,0,0,0,0,0,1,0,0,0,0,0,0,1,0,1,0,0,0,0,0,0,1,0,0,0,0,0,1,0,0,0,0,1,0,0,0,0,0,0,1,0,0,0,0,0,0,0,0,0,0,0,0,0,0,1,0,0,0,0,0,0,0,1,0,0,1,0,0,0,0,1,0,0,0,1,0,1,0,0,0,0,0,0,0,0,0,0,0,0,1,128500
75,7950,3,3,6,6,1977,1977,140,3,3,4,4,2,5,535,2,0,155,690,3,6,698,728,0,1426,0,0,1,1,3,1,3,6,8,0,1,1977,4,2,440,4,4,3,252,0,0,0,0,0,1,4,0,7,2009,0,0,0,0,0,1,0,0,0,0,0,0,0,0,0,0,0,0,1,0,0,1,0,0,1,0,0,0,1,0,0,0,0,0,0,0,0,0,0,0,1,0,0,0,0,0,0,0,0,0,0,0,0,0,0,0,0,0,0,0,1,0,0,0,0,0,0,1,0,1,0,0,0,0,0,0,0,0,1,0,0,0,0,0,1,0,0,1,0,0,0,0,0,0,1,0,0,0,0,0,0,0,0,0,0,0,0,0,0,1,0,0,0,0,0,0,1,0,0,0,1,0,0,0,0,1,0,0,0,1,0,1,0,0,0,0,0,0,0,0,0,0,0,0,1,159500
37,6951,3,3,5,5,1984,1985,0,3,3,4,4,2,6,658,2,0,218,876,3,6,923,0,0,923,1,0,1,0,3,1,3,5,8,0,1,1984,2,1,264,4,4,3,362,0,0,0,0,0,1,4,0,10,2008,1,0,0,0,0,0,0,0,0,0,0,0,0,0,0,0,0,0,1,0,0,1,0,0,0,0,0,1,0,1,0,0,0,0,0,0,0,0,0,0,0,0,0,0,0,1,0,0,0,0,0,0,0,0,0,0,0,0,0,0,1,0,0,0,0,0,0,1,0,1,0,0,0,0,0,0,1,0,0,0,0,0,1,0,0,0,0,1,0,0,0,0,0,0,1,0,0,0,0,0,0,0,0,0,0,0,0,0,0,1,0,0,0,0,0,0,0,1,0,0,1,0,0,0,0,1,0,0,0,1,0,1,0,0,0,0,0,0,0,0,0,0,0,0,1,119500
60,6600,4,3,5,6,1982,2005,0,3,3,4,4,2,7,638,2,0,207,845,4,6,845,0,0,845,0,0,1,0,3,1,4,6,8,0,1,1982,2,1,264,4,4,3,0,0,0,0,0,0,1,1,0,7,2008,1,0,0,0,0,0,0,0,0,0,0,0,0,0,0,0,0,0,1,0,0,1,0,0,0,0,0,1,0,0,0,0,1,0,0,0,0,0,0,0,0,0,0,0,0,1,0,0,0,0,0,0,0,0,0,0,0,0,0,0,1,0,0,0,0,0,0,1,0,1,0,0,0,0,0,0,1,0,0,0,0,0,1,0,0,0,0,1,0,0,0,0,0,0,1,0,0,0,0,0,0,0,0,0,0,0,0,0,0,1,0,0,0,0,0,0,0,1,0,0,1,0,0,0,0,1,0,0,0,1,0,1,0,0,0,0,0,0,0,0,0,0,0,0,1,134500
88,8471,3,3,6,7,1977,1995,46,3,3,5,5,4,6,506,2,0,0,506,3,6,1212,0,0,1212,1,0,1,0,3,1,3,6,8,1,4,1978,2,2,492,4,4,3,292,12,0,0,0,0,1,3,0,7,2006,0,0,0,0,0,0,0,0,1,0,0,0,0,0,0,0,0,0,1,0,0,1,0,0,0,0,0,1,1,0,0,0,0,0,0,0,0,0,0,0,0,0,0,0,0,0,0,0,0,0,0,0,1,0,0,0,0,0,0,0,1,0,0,0,0,0,0,1,0,1,0,0,0,0,0,0,0,0,0,0,1,0,1,0,0,0,0,1,0,0,0,0,0,0,1,0,0,0,0,0,0,0,0,0,0,0,0,0,0,1,0,0,0,0,0,0,1,0,0,0,1,0,0,0,0,1,0,0,0,1,0,1,0,0,0,0,0,0,0,0,0,0,0,0,1,151000
63,9750,3,3,5,5,1962,1962,0,3,3,4,4,2,3,68,5,884,28,980,4,6,980,0,0,980,1,0,1,0,3,1,3,5,8,0,1,1969,2,2,400,4,4,3,0,28,0,0,0,0,1,4,0,11,2009,1,0,0,0,0,0,0,0,0,0,0,0,0,0,0,0,0,0,1,0,0,1,0,0,0,0,0,1,0,0,0,0,1,0,0,0,0,0,0,0,0,0,0,0,0,0,0,0,0,0,0,0,1,0,0,0,0,0,0,0,1,0,0,0,0,0,0,1,0,1,0,0,0,0,0,0,1,0,0,0,0,0,0,0,1,0,0,1,0,0,0,0,0,0,1,0,0,0,0,0,0,0,0,0,0,0,0,0,0,1,0,0,0,0,0,0,0,1,0,0,1,0,0,0,0,1,0,0,0,1,0,0,0,0,0,1,0,0,0,0,0,0,0,0,1,110000
81,9672,4,3,6,5,1984,1985,0,3,3,5,4,2,7,338,2,0,702,1040,3,6,1097,0,0,1097,0,0,2,0,3,1,3,6,8,0,1,1986,2,2,480,4,4,3,0,0,0,0,0,0,1,5,0,5,2010,1,0,0,0,0,0,0,0,0,0,0,0,0,0,0,0,0,0,1,0,0,1,0,0,0,0,0,1,1,0,0,0,0,0,0,0,0,0,0,0,0,0,0,0,0,0,0,0,0,0,0,0,0,1,0,0,0,0,0,0,1,0,0,0,0,0,0,1,0,1,0,0,0,0,0,0,1,0,0,0,0,0,0,0,1,0,0,1,0,0,0,0,0,0,1,0,0,0,0,0,0,0,0,0,0,0,0,0,0,1,0,0,0,0,0,0,0,1,0,0,0,1,0,0,0,1,0,0,0,1,0,1,0,0,0,0,0,0,0,0,0,0,0,0,1,152000
68,8286,3,3,5,7,1977,1977,0,3,3,5,4,2,4,531,2,0,185,716,5,6,716,716,0,1432,1,0,1,1,3,1,3,6,8,1,5,1977,4,2,531,4,4,3,0,136,0,0,240,0,1,5,0,6,2007,0,0,0,0,0,1,0,0,0,0,0,0,0,0,0,0,0,0,1,0,0,1,0,0,0,0,0,1,1,0,0,0,0,0,0,0,0,0,0,0,0,0,0,0,0,1,0,0,0,0,0,0,0,0,0,0,0,0,0,0,1,0,0,0,0,0,0,1,0,1,0,0,0,0,0,0,0,0,1,0,0,0,1,0,0,0,0,1,0,0,0,0,0,0,0,0,1,0,0,0,0,0,0,0,0,0,0,0,0,1,0,0,0,0,0,0,0,1,0,0,0,1,0,0,0,1,0,0,0,1,0,1,0,0,0,0,0,0,0,0,0,0,0,0,1,157000
75,9750,4,3,6,6,1977,1977,0,3,3,4,4,4,6,767,2,0,135,902,5,6,926,0,0,926,1,0,1,0,2,1,3,5,8,1,4,1977,2,1,351,4,4,3,319,0,0,0,0,0,1,4,0,4,2009,0,0,0,0,0,0,0,0,0,1,0,0,0,0,0,0,0,0,1,0,0,1,0,0,0,0,0,1,0,0,0,0,1,0,0,0,0,0,0,0,0,0,0,0,0,1,0,0,0,0,0,0,0,0,0,0,0,0,0,0,1,0,0,0,0,0,0,1,0,1,0,0,0,0,0,0,0,0,0,1,0,0,1,0,0,0,0,1,0,0,0,0,0,0,0,0,1,0,0,0,0,0,0,0,0,0,0,0,0,1,0,0,0,0,0,0,0,1,0,0,1,0,0,0,0,1,0,0,0,1,0,1,0,0,0,0,0,0,0,0,0,0,0,0,1,156450
72,9129,4,3,5,5,1977,1977,144,3,3,5,4,4,7,923,2,0,0,923,3,6,1008,0,0,1008,1,0,1,0,1,1,4,4,8,1,3,1977,4,2,678,4,4,3,201,66,0,0,0,0,1,4,0,7,2007,0,0,0,0,0,0,0,0,0,1,0,0,0,0,0,0,0,0,1,0,0,1,0,0,0,0,0,1,0,0,0,0,1,0,0,0,0,0,0,0,0,0,0,0,0,1,0,0,0,0,0,0,0,0,0,0,0,0,0,0,1,0,0,0,0,0,0,1,0,1,0,0,0,0,0,0,0,0,0,1,0,0,1,0,0,0,0,1,0,0,0,0,0,0,0,0,1,0,0,0,0,0,0,0,0,0,0,0,0,1,0,0,0,0,0,0,1,0,0,0,0,1,0,0,0,1,0,0,0,1,0,1,0,0,0,0,0,0,0,0,0,0,0,0,1,153500
75,8604,3,3,5,7,1978,1978,124,3,4,5,4,4,7,941,2,0,0,941,4,6,941,0,0,941,1,0,1,0,2,1,4,4,8,0,1,1978,2,2,564,4,4,3,0,40,0,0,0,0,1,1,0,11,2009,0,0,0,0,0,0,0,0,0,0,1,0,0,0,0,0,0,0,1,0,0,1,0,0,0,0,0,1,0,0,0,0,1,0,0,0,0,0,0,0,0,0,0,0,0,0,1,0,0,0,0,0,0,0,0,0,0,0,0,0,1,0,0,0,0,0,0,1,0,0,0,1,0,0,0,0,0,0,0,1,0,0,1,0,0,0,0,1,0,0,0,0,0,0,0,0,1,0,0,0,0,0,0,0,0,0,0,0,0,1,0,0,0,0,0,0,1,0,0,0,1,0,0,0,0,1,0,0,0,1,0,1,0,0,0,0,0,0,0,0,0,0,0,0,1,145000
70,8400,4,3,4,5,1970,1970,0,3,3,4,4,2,6,804,4,78,0,882,3,6,882,0,0,882,1,0,1,0,2,1,3,4,8,0,1,1970,4,2,525,4,4,3,240,0,0,0,0,0,1,4,0,4,2010,1,0,0,0,0,0,0,0,0,0,0,0,0,0,0,0,0,0,1,0,0,1,0,0,0,0,0,1,1,0,0,0,0,0,0,0,0,0,0,0,0,0,0,0,0,0,1,0,0,0,0,0,0,0,0,0,0,0,0,0,1,0,0,0,0,0,0,1,0,1,0,0,0,0,0,0,1,0,0,0,0,0,1,0,0,0,0,1,0,0,0,0,0,0,0,0,1,0,0,0,0,0,0,0,0,0,0,0,0,1,0,0,0,0,0,0,0,1,0,0,1,0,0,0,0,1,0,0,0,1,0,1,0,0,0,0,0,0,0,0,0,0,0,0,1,126000
61,7930,4,3,6,8,1969,2005,0,3,3,4,4,2,7,439,3,472,115,1026,4,6,1026,0,0,1026,1,0,1,0,3,1,4,5,8,0,1,1969,3,2,440,4,4,3,171,48,0,0,0,0,1,1,0,7,2009,1,0,0,0,0,0,0,0,0,0,0,0,0,0,0,0,0,0,1,0,0,1,0,0,0,0,0,1,0,0,0,0,1,0,0,0,0,0,0,0,0,0,0,0,0,0,1,0,0,0,0,0,0,0,0,0,0,0,0,0,1,0,0,0,0,0,0,1,0,1,0,0,0,0,0,0,1,0,0,0,0,0,1,0,0,0,0,1,0,0,0,0,0,0,0,0,1,0,0,0,0,0,0,0,0,0,0,0,0,1,0,0,0,0,0,0,0,1,0,0,1,0,0,0,0,1,0,0,0,1,0,0,0,0,0,1,0,0,0,0,0,0,0,0,1,156000
53,4043,4,3,6,5,1977,1977,0,3,3,5,4,2,6,360,2,0,709,1069,3,6,1069,0,0,1069,0,0,2,0,2,1,3,4,8,1,3,1977,3,2,440,4,4,3,0,55,0,0,165,0,1,1,0,7,2010,0,0,0,0,0,0,0,0,0,0,0,1,0,0,0,0,0,0,1,0,0,1,0,0,0,0,0,1,0,0,0,0,1,0,0,0,0,0,0,0,0,0,0,0,0,0,0,1,0,0,0,0,0,0,0,0,0,0,0,0,1,0,0,0,0,0,0,1,0,0,0,0,0,1,0,0,1,0,0,0,0,0,1,0,0,0,0,1,0,0,0,0,0,0,0,0,1,0,0,0,0,0,0,0,0,0,0,0,0,1,0,0,0,0,0,0,0,1,0,0,1,0,0,0,0,1,0,0,0,1,0,1,0,0,0,0,0,0,0,0,0,0,0,0,1,127500
78,9360,4,3,6,7,1972,2006,0,3,3,4,4,2,6,982,2,0,179,1161,3,6,1381,0,0,1381,1,0,1,1,3,1,4,5,8,1,4,1972,3,2,676,4,4,3,0,0,0,0,0,0,1,1,0,3,2010,1,0,0,0,0,0,0,0,0,0,0,0,0,0,0,0,0,0,1,0,0,1,0,0,0,0,0,1,0,0,0,0,1,0,0,0,0,0,0,0,0,0,0,0,0,0,0,0,1,0,0,0,0,0,0,0,0,0,0,0,1,0,0,0,0,0,0,1,0,1,0,0,0,0,0,0,1,0,0,0,0,0,0,0,1,0,0,1,0,0,0,0,0,0,0,0,1,0,0,0,0,0,0,0,0,0,0,0,0,1,0,0,0,0,0,0,0,1,0,0,1,0,0,0,0,1,0,0,0,1,0,1,0,0,0,0,0,0,0,0,0,0,0,0,1,197500
64,6979,4,3,6,5,1980,1980,0,3,3,4,4,2,7,1056,2,0,0,1056,4,6,1056,0,0,1056,2,0,0,0,0,2,3,4,8,0,1,1980,2,2,576,4,4,3,264,56,0,0,0,0,1,5,600,6,2010,0,0,0,0,0,0,0,0,0,0,1,0,0,0,0,0,0,0,1,0,0,1,0,0,0,0,0,1,0,0,0,0,1,0,0,0,0,0,0,0,0,0,0,0,0,0,0,0,0,0,1,0,0,0,0,0,0,0,0,0,1,0,0,0,0,0,0,1,0,0,0,1,0,0,0,0,0,0,0,1,0,0,1,0,0,0,0,1,0,0,0,0,0,0,0,0,1,0,0,0,0,0,0,0,0,0,0,0,0,1,0,0,0,0,0,0,0,1,0,0,1,0,0,0,0,1,0,0,0,1,0,0,0,0,0,1,0,1,0,0,0,0,0,0,1,144000
64,6285,4,3,5,5,1977,1977,0,3,3,5,4,2,3,138,4,351,405,894,3,6,894,0,0,894,1,0,1,0,2,1,3,5,8,0,1,1979,2,1,308,4,4,3,192,0,0,0,0,0,1,1,0,3,2007,1,0,0,0,0,0,0,0,0,0,0,0,0,0,0,0,0,0,1,0,0,1,0,0,0,0,0,1,0,0,0,0,1,0,0,0,0,0,0,0,0,0,0,0,0,0,0,0,0,0,0,0,1,0,0,0,0,0,0,0,1,0,0,0,0,0,0,1,0,1,0,0,0,0,0,0,1,0,0,0,0,0,1,0,0,0,0,1,0,0,0,0,0,0,0,0,1,0,0,0,0,0,0,0,0,0,0,0,0,1,0,0,0,0,0,0,0,1,0,0,1,0,0,0,0,1,0,0,0,1,0,0,0,0,0,1,0,0,0,0,0,0,0,0,1,120750
65,8450,4,3,5,6,1968,1968,90,3,3,4,4,2,5,162,4,270,450,882,3,6,909,0,0,909,0,0,1,0,3,1,3,5,8,0,1,1968,2,1,294,4,4,3,0,155,0,0,0,0,1,4,0,11,2006,1,0,0,0,0,0,0,0,0,0,0,0,0,0,0,0,0,0,1,0,0,1,0,0,0,0,0,1,0,0,0,0,1,0,0,0,0,0,0,0,0,0,0,0,0,0,0,0,0,0,0,0,1,0,0,0,0,0,0,0,0,0,1,0,0,0,0,1,0,1,0,0,0,0,0,0,1,0,0,0,0,0,1,0,0,0,0,1,0,0,0,0,0,0,0,0,1,0,0,0,0,0,0,0,0,0,0,0,0,1,0,0,0,0,0,0,1,0,0,0,1,0,0,0,0,1,0,0,0,1,0,1,0,0,0,0,0,0,1,0,0,0,0,0,0,116000
71,7064,4,3,5,6,1977,1977,153,3,3,4,4,2,5,560,2,0,420,980,3,6,980,0,0,980,0,0,1,0,3,1,3,6,8,0,1,1986,2,2,484,4,4,3,192,0,0,0,0,0,1,1,0,7,2009,1,0,0,0,0,0,0,0,0,0,0,0,0,0,0,0,0,0,1,0,0,1,0,0,0,0,0,1,0,0,0,0,1,0,0,0,0,0,0,0,0,0,0,0,0,0,0,0,0,0,0,0,1,0,0,0,0,0,0,0,1,0,0,0,0,0,0,1,0,1,0,0,0,0,0,0,1,0,0,0,0,0,1,0,0,0,0,1,0,0,0,0,0,0,0,0,1,0,0,0,0,0,0,0,0,0,0,0,0,1,0,0,0,0,0,0,1,0,0,0,1,0,0,0,0,1,0,0,0,1,0,0,0,0,0,1,0,0,0,0,0,0,0,0,1,135000
50,7175,4,3,6,5,1984,1984,0,3,3,5,4,2,6,623,3,121,0,744,3,6,752,0,0,752,1,0,1,0,2,1,3,4,8,0,1,1984,2,1,264,4,4,3,353,0,0,0,90,0,1,4,0,2,2010,0,0,0,0,0,0,0,0,0,0,0,1,0,0,0,0,0,0,1,0,0,1,0,0,0,0,0,1,0,0,0,0,1,0,0,0,0,0,0,0,0,0,0,0,0,0,0,0,0,0,0,0,0,1,0,0,0,0,0,0,1,0,0,0,0,0,0,1,0,0,0,0,0,1,0,0,1,0,0,0,0,0,1,0,0,0,0,1,0,0,0,0,0,0,0,0,1,0,0,0,0,0,0,0,0,0,0,0,0,1,0,0,0,0,0,0,0,1,0,0,1,0,0,0,0,1,0,0,0,1,0,1,0,0,0,0,0,0,0,0,0,0,0,0,1,125000
50,8012,4,3,6,5,1980,1980,0,3,3,4,4,2,2,0,2,0,630,630,5,6,630,636,0,1266,0,0,1,1,2,1,3,5,8,2,4,1980,3,1,283,4,4,3,340,0,0,0,0,0,1,4,0,7,2007,0,0,0,0,0,0,0,0,0,0,0,0,1,0,0,0,0,0,1,0,0,1,0,0,0,0,0,1,0,0,0,0,1,0,0,0,0,0,0,0,0,0,0,0,0,0,0,0,0,0,0,0,0,1,0,0,0,0,0,0,1,0,0,0,0,0,0,1,0,0,0,0,0,1,0,0,0,0,1,0,0,0,1,0,0,0,0,1,0,0,0,0,0,0,0,0,1,0,0,0,0,0,0,0,0,0,0,0,0,1,0,0,0,0,0,0,0,1,0,0,1,0,0,0,0,1,0,0,0,1,0,1,0,0,0,0,0,0,0,0,0,0,0,0,1,128000
50,8012,4,3,6,5,1980,1980,0,3,3,5,4,2,5,543,5,119,261,923,3,6,923,0,0,923,0,0,2,0,2,1,3,5,8,1,4,1980,3,1,264,4,4,3,80,0,0,0,0,0,1,1,0,5,2010,0,0,0,0,0,0,0,0,0,0,0,1,0,0,0,0,0,0,1,0,0,1,0,0,0,0,0,1,0,0,0,0,1,0,0,0,0,0,0,0,0,0,0,0,0,0,0,0,0,0,0,0,0,1,0,0,0,0,0,0,1,0,0,0,0,0,0,1,0,0,0,0,0,1,0,0,1,0,0,0,0,0,1,0,0,0,0,1,0,0,0,0,0,0,0,0,1,0,0,0,0,0,0,0,0,0,0,0,0,1,0,0,0,0,0,0,0,1,0,0,1,0,0,0,0,1,0,0,0,1,0,1,0,0,0,0,0,0,0,0,0,0,0,0,1,143000
55,7892,4,3,6,5,1979,1979,0,3,3,5,4,2,2,0,2,0,918,918,3,6,918,0,0,918,0,0,2,0,2,1,3,5,8,1,4,1979,2,1,264,4,4,3,28,0,0,0,0,0,1,1,0,4,2010,0,0,0,0,0,0,0,0,0,0,0,1,0,0,0,0,0,0,1,0,0,1,0,0,0,0,0,1,0,0,0,0,1,0,0,0,0,0,0,0,0,0,0,0,0,0,0,0,0,0,0,0,0,1,0,0,0,0,0,0,1,0,0,0,0,0,0,1,0,0,0,0,0,1,0,0,1,0,0,0,0,0,1,0,0,0,0,1,0,0,0,0,0,0,0,0,1,0,0,0,0,0,0,0,0,0,0,0,0,1,0,0,0,0,0,0,0,1,0,0,1,0,0,0,0,1,0,0,0,1,0,1,0,0,0,0,0,0,0,0,0,0,0,0,1,99500
54,7223,4,3,5,5,1926,1950,0,3,3,4,4,3,5,319,2,0,971,1290,3,6,1422,0,0,1422,0,0,1,0,3,1,3,6,8,0,1,1973,2,1,352,4,4,3,0,0,64,0,0,0,1,4,0,4,2007,0,1,0,0,0,0,0,0,0,0,0,0,0,0,0,0,0,0,1,0,0,1,0,0,0,0,0,1,0,0,0,0,1,0,0,0,0,0,0,1,0,0,0,0,0,0,0,0,0,0,0,0,0,0,0,0,0,0,0,0,1,0,0,0,0,0,0,1,0,1,0,0,0,0,0,0,1,0,0,0,0,0,0,0,1,0,0,1,0,0,0,0,0,0,0,0,0,1,0,0,0,0,0,0,0,0,0,0,0,1,0,0,0,0,0,0,0,1,0,0,0,1,0,0,0,1,0,0,0,1,0,0,0,0,0,1,0,0,0,0,0,0,0,0,1,136500
40,3880,3,3,8,6,1978,1978,0,4,3,5,4,5,7,1052,2,0,174,1226,3,6,1226,0,0,1226,1,0,1,0,1,1,4,4,8,1,4,1978,4,2,484,4,4,3,223,78,0,0,0,0,1,1,0,1,2010,0,0,0,0,0,0,0,0,0,0,0,1,0,0,0,0,0,0,1,0,0,1,0,0,0,0,0,1,0,0,0,0,1,0,0,0,0,0,0,0,0,0,1,0,0,0,0,0,0,0,0,0,0,0,0,0,0,0,0,0,1,0,0,0,0,0,0,1,0,0,0,0,1,0,0,0,1,0,0,0,0,0,1,0,0,0,0,1,0,0,0,0,0,0,0,0,0,0,0,1,0,0,0,0,0,0,0,0,0,1,0,0,0,0,0,0,0,1,0,0,1,0,0,0,0,1,0,0,0,1,0,1,0,0,0,0,0,0,0,0,0,0,0,0,1,206000
40,3876,3,3,8,5,1978,1978,0,4,3,5,4,5,7,652,4,526,48,1226,3,6,1226,0,0,1226,1,0,1,0,1,1,4,4,8,1,4,1978,4,2,484,4,4,3,133,60,0,0,0,0,1,1,0,7,2006,0,0,0,0,0,0,0,0,0,0,0,1,0,0,0,0,0,0,1,0,0,1,0,0,0,0,0,1,0,0,0,0,1,0,0,0,0,0,0,0,0,0,1,0,0,0,0,0,0,0,0,0,0,0,0,0,0,0,0,0,1,0,0,0,0,0,0,1,0,0,0,0,1,0,0,0,1,0,0,0,0,0,1,0,0,0,0,1,0,0,0,0,0,0,0,0,0,0,0,1,0,0,0,0,0,0,0,0,0,1,0,0,0,0,0,0,0,1,0,0,1,0,0,0,0,1,0,0,0,1,0,1,0,0,0,0,0,0,0,0,0,0,0,0,1,170000
40,3840,3,3,8,6,1978,1998,0,4,3,5,4,5,7,881,3,176,0,1057,3,6,1295,0,0,1295,1,0,1,0,1,1,4,4,8,2,4,1978,4,2,571,4,4,3,133,89,0,0,0,0,1,1,0,7,2007,0,0,0,0,0,0,0,0,0,0,0,1,0,0,0,0,0,0,1,0,0,1,0,0,0,0,0,1,0,0,0,0,1,0,0,0,0,0,0,0,0,0,1,0,0,0,0,0,0,0,0,0,0,0,0,0,0,0,0,0,1,0,0,0,0,0,0,1,0,0,0,0,0,1,0,0,1,0,0,0,0,0,1,0,0,0,0,1,0,0,0,0,0,0,0,0,0,0,0,1,0,0,0,0,0,0,0,0,0,1,0,0,0,0,0,0,0,1,0,0,1,0,0,0,0,1,0,0,0,1,0,1,0,0,0,0,0,0,0,0,0,0,0,0,1,213750
98,8731,3,3,5,5,1920,1950,0,3,2,4,4,2,5,645,2,0,270,915,3,6,1167,0,0,1167,0,0,1,0,3,1,3,6,4,1,5,1972,2,2,495,4,4,3,0,0,216,0,126,0,1,1,0,5,2007,0,1,0,0,0,0,0,0,0,0,0,0,0,0,0,0,0,0,1,0,0,1,0,0,0,0,0,1,0,0,0,0,1,0,0,0,1,0,0,0,0,0,0,0,0,0,0,0,0,0,0,0,0,0,0,0,0,0,0,0,1,0,0,0,0,0,0,1,0,1,0,0,0,0,0,0,1,0,0,0,0,0,1,0,0,0,0,1,0,0,0,0,0,0,0,0,0,1,0,0,0,0,0,0,0,0,0,0,0,0,0,1,0,0,0,0,0,1,0,1,0,0,0,0,0,1,0,0,0,1,0,0,0,0,0,1,0,0,0,0,0,0,0,0,1,144000
72,9720,4,3,5,7,1977,1977,51,3,3,4,6,4,6,755,2,0,240,995,3,6,1009,0,0,1009,0,0,2,0,3,1,3,6,8,1,3,1977,2,2,576,4,4,3,0,0,0,0,0,0,1,4,0,6,2007,0,0,0,0,0,0,0,0,1,0,0,0,0,0,0,0,0,0,1,0,0,1,0,0,0,0,0,1,0,0,0,0,1,0,0,0,0,0,1,0,0,0,0,0,0,0,0,0,0,0,0,0,0,0,0,0,0,0,0,0,1,0,0,0,0,0,0,1,0,1,0,0,0,0,0,0,0,0,0,0,1,0,1,0,0,0,0,1,0,0,0,0,0,0,0,0,1,0,0,0,0,0,0,0,0,0,0,0,0,0,0,0,1,0,0,0,1,0,0,0,1,0,0,0,0,1,0,0,0,1,0,0,0,0,0,1,0,0,0,0,0,0,0,0,1,160000
52,6240,4,3,5,7,1936,1980,0,3,3,4,3,2,4,276,2,0,252,528,4,6,548,492,0,1040,0,0,1,0,2,1,3,5,8,0,1,1979,4,2,624,4,4,2,306,0,32,0,0,0,1,1,0,5,2010,0,0,0,0,1,0,0,0,0,0,0,0,0,0,0,0,0,0,0,1,0,1,0,0,0,0,0,1,0,0,0,0,1,0,0,0,1,0,0,0,0,0,0,0,0,0,0,0,0,0,0,0,0,0,0,0,0,0,0,0,1,0,0,0,0,0,0,1,0,1,0,0,0,0,1,0,0,0,0,0,0,0,1,0,0,0,0,1,0,0,0,0,0,0,0,0,0,0,1,0,0,0,0,0,0,0,0,0,0,0,0,0,1,0,0,0,0,1,0,0,1,0,0,0,0,1,0,0,0,1,0,0,0,0,0,1,0,0,0,0,0,0,0,0,1,123900
70,7700,4,3,5,5,1972,1972,0,3,3,4,4,2,3,138,4,468,276,882,3,6,882,0,0,882,1,0,1,0,3,1,3,5,8,0,1,1980,2,2,461,4,4,3,96,0,0,0,0,0,1,4,0,3,2007,1,0,0,0,0,0,0,0,0,0,0,0,0,0,0,0,0,0,1,0,0,1,0,0,0,0,0,1,1,0,0,0,0,0,0,0,0,0,1,0,0,0,0,0,0,0,0,0,0,0,0,0,0,0,0,0,0,0,0,0,1,0,0,0,0,0,0,1,0,1,0,0,0,0,0,0,1,0,0,0,0,0,1,0,0,0,0,1,0,0,0,0,0,0,0,0,0,0,1,0,0,0,0,0,0,0,0,0,0,0,0,0,1,0,0,0,0,1,0,0,1,0,0,0,0,1,0,0,0,1,0,0,0,0,0,1,0,0,0,0,0,0,0,0,1,112500
59,8660,3,3,5,5,1976,1976,113,3,4,5,4,4,7,502,2,0,513,1015,3,6,1025,0,0,1025,0,0,2,0,3,1,3,6,8,1,3,1979,2,2,370,4,4,3,127,0,0,0,0,0,1,1,0,7,2007,0,0,0,0,0,0,0,0,1,0,0,0,0,0,0,0,0,0,1,0,0,1,0,0,0,0,0,1,0,0,0,0,1,0,0,0,0,0,1,0,0,0,0,0,0,0,0,0,0,0,0,0,0,0,0,0,0,0,0,0,1,0,0,0,0,0,0,1,0,1,0,0,0,0,0,0,0,0,0,0,1,0,1,0,0,0,0,1,0,0,0,0,0,0,0,0,0,0,1,0,0,0,0,0,0,0,0,0,0,0,0,0,1,0,0,0,1,0,0,0,1,0,0,0,0,1,0,0,0,1,0,0,0,0,0,1,0,0,0,0,0,0,0,0,1,153500
60,7200,4,3,5,5,1972,2000,0,3,3,4,4,2,6,671,2,0,193,864,4,6,864,0,0,864,1,0,1,0,3,1,5,5,8,0,1,1977,4,2,576,5,6,3,155,0,0,0,0,0,1,1,0,9,2007,1,0,0,0,0,0,0,0,0,0,0,0,0,0,0,0,0,0,1,0,0,1,0,0,0,0,0,1,0,0,0,0,1,0,0,0,0,0,1,0,0,0,0,0,0,0,0,0,0,0,0,0,0,0,0,0,0,0,0,0,1,0,0,0,0,0,0,1,0,1,0,0,0,0,0,0,1,0,0,0,0,0,1,0,0,0,0,1,0,0,0,0,0,0,0,0,0,0,1,0,0,0,0,0,0,0,0,0,0,0,0,0,1,0,0,0,0,1,0,0,1,0,0,0,0,1,0,0,0,1,0,0,0,0,0,1,0,0,0,0,0,0,0,0,1,127000
60,7200,4,3,5,8,1972,1972,0,3,3,4,4,2,5,437,2,0,427,864,5,6,864,0,0,864,0,0,1,0,3,1,3,5,8,0,1,1977,2,1,297,4,4,3,0,0,0,0,0,0,1,4,0,3,2006,1,0,0,0,0,0,0,0,0,0,0,0,0,0,0,0,0,0,1,0,0,1,0,0,0,0,1,0,0,0,0,0,1,0,0,0,0,0,1,0,0,0,0,0,0,0,0,0,0,0,0,0,0,0,0,0,0,0,0,0,1,0,0,0,0,0,0,1,0,1,0,0,0,0,0,0,1,0,0,0,0,0,1,0,0,0,0,1,0,0,0,0,0,0,0,0,0,0,1,0,0,0,0,0,0,0,0,0,0,0,0,0,1,0,0,0,0,1,0,0,1,0,0,0,0,1,0,0,0,1,0,0,0,0,0,1,0,0,0,0,0,0,0,0,1,119900
50,9100,4,3,5,6,1930,1960,0,3,3,4,4,2,2,0,2,0,742,742,3,5,779,0,156,935,0,0,1,0,2,1,3,4,8,0,1,1988,2,1,308,4,4,2,0,0,0,0,0,0,1,1,600,8,2008,0,0,1,0,0,0,0,0,0,0,0,0,0,0,0,0,0,0,0,1,0,1,0,0,0,0,0,1,0,0,0,0,1,0,0,0,1,0,0,0,0,0,0,0,0,0,0,0,0,0,0,0,0,0,0,0,0,0,0,0,0,0,0,1,0,0,1,0,0,1,0,0,0,0,0,0,1,0,0,0,0,0,1,0,0,0,0,1,0,0,0,0,0,0,0,0,0,0,1,0,0,0,0,0,0,0,0,0,0,0,0,0,1,0,0,0,0,1,0,1,0,0,0,0,0,1,0,0,0,1,0,0,0,0,0,1,0,1,0,0,0,0,0,0,1,79500
59,6490,4,3,5,7,1983,1983,0,3,4,4,4,2,7,534,2,0,282,816,5,6,816,0,0,816,0,1,1,0,2,1,3,4,8,0,1,1983,2,1,264,4,4,3,315,0,0,0,0,0,1,3,0,4,2008,1,0,0,0,0,0,0,0,0,0,0,0,0,0,0,0,0,0,1,0,0,1,0,0,0,0,0,1,0,0,0,0,1,0,0,0,0,0,0,0,0,0,0,0,0,1,0,0,0,0,0,0,0,0,0,0,0,0,0,0,1,0,0,0,0,0,0,1,0,1,0,0,0,0,0,0,1,0,0,0,0,0,1,0,0,0,0,1,0,0,0,0,0,0,0,0,0,0,1,0,0,0,0,0,0,0,0,0,0,0,0,0,1,0,0,0,0,1,0,0,1,0,0,0,0,1,0,0,0,1,0,1,0,0,0,0,0,0,0,0,0,0,0,0,1,128500
71,9187,4,3,6,5,1983,1983,0,3,4,4,4,2,6,336,2,0,748,1084,3,6,1080,0,0,1080,0,0,1,1,3,1,3,5,8,0,1,1983,2,2,484,4,4,3,120,0,158,0,0,0,1,1,0,6,2007,1,0,0,0,0,0,0,0,0,0,0,0,0,0,0,0,0,0,1,0,0,1,0,0,1,0,0,0,1,0,0,0,0,0,0,0,0,0,0,0,0,0,0,0,0,1,0,0,0,0,0,0,0,0,0,0,0,0,0,0,1,0,0,0,0,0,0,1,0,1,0,0,0,0,0,0,1,0,0,0,0,0,1,0,0,0,0,1,0,0,0,0,0,0,0,0,0,0,1,0,0,0,0,0,0,0,0,0,0,0,0,0,1,0,0,0,0,1,0,0,0,1,0,0,0,1,0,0,0,1,0,1,0,0,0,0,0,0,0,0,0,0,0,0,1,134000
60,6600,4,3,5,9,1982,2008,0,4,4,4,4,2,6,641,2,0,175,816,5,6,816,0,0,816,0,1,1,0,3,1,4,5,8,1,6,1982,2,1,264,4,4,3,0,0,0,0,0,0,1,4,0,10,2008,1,0,0,0,0,0,0,0,0,0,0,0,0,0,0,0,0,0,1,0,0,1,0,0,0,0,0,1,0,0,0,0,1,0,0,0,0,0,0,0,0,0,0,0,0,1,0,0,0,0,0,0,0,0,0,0,0,0,0,0,1,0,0,0,0,0,0,1,0,1,0,0,0,0,0,0,1,0,0,0,0,0,1,0,0,0,0,1,0,0,0,0,0,0,0,0,0,0,1,0,0,0,0,0,0,0,0,0,0,0,0,0,1,0,0,0,0,1,0,0,1,0,0,0,0,1,0,0,0,1,0,1,0,0,0,0,0,0,0,0,0,0,0,0,1,130500
50,6953,4,3,5,7,1971,2004,0,3,4,4,4,2,6,469,2,0,395,864,5,6,874,0,0,874,0,0,1,0,3,1,3,5,8,0,1,1971,2,1,352,4,4,3,0,0,0,0,0,0,1,1,0,6,2010,1,0,0,0,0,0,0,0,0,0,0,0,0,0,0,0,0,0,1,0,0,1,0,0,0,0,0,1,0,0,0,0,1,0,0,0,0,0,0,0,0,0,0,0,0,1,0,0,0,0,0,0,0,0,0,0,0,0,0,0,1,0,0,0,0,0,0,1,0,1,0,0,0,0,0,0,1,0,0,0,0,0,1,0,0,0,0,1,0,0,0,0,0,0,0,0,0,0,1,0,0,0,0,0,0,0,0,0,0,0,0,0,1,0,0,0,0,1,0,0,1,0,0,0,0,1,0,0,0,1,0,0,0,0,0,1,0,0,0,0,0,1,0,0,0,130000
76,8243,3,3,5,7,1961,1961,56,3,4,4,4,2,6,700,2,0,264,964,5,6,964,0,0,964,0,0,1,0,3,1,3,5,8,1,3,1985,4,2,784,4,4,3,170,0,0,0,0,0,1,5,0,2,2007,1,0,0,0,0,0,0,0,0,0,0,0,0,0,0,0,0,0,1,0,0,1,0,0,0,0,0,1,0,1,0,0,0,0,0,0,0,0,0,0,0,0,0,0,0,0,1,0,0,0,0,0,0,0,0,0,0,0,0,0,1,0,0,0,0,0,0,1,0,1,0,0,0,0,0,0,1,0,0,0,0,0,1,0,0,0,0,1,0,0,0,0,0,0,0,0,0,0,1,0,0,0,0,0,0,0,0,0,0,0,0,0,1,0,0,0,1,0,0,0,1,0,0,0,0,1,0,0,0,1,0,0,0,0,0,1,0,0,0,0,0,0,0,0,1,137500
60,7200,4,3,5,8,1950,2002,0,3,3,4,4,2,6,398,5,149,317,864,4,6,864,0,0,864,1,0,1,0,3,1,4,5,8,0,1,1980,3,2,720,4,4,3,194,0,0,0,0,0,1,1,0,7,2007,1,0,0,0,0,0,0,0,0,0,0,0,0,0,0,0,0,0,1,0,0,1,0,0,0,0,0,1,0,0,0,0,1,0,0,0,0,0,0,0,0,0,0,0,0,0,1,0,0,0,0,0,0,0,0,0,0,0,0,0,1,0,0,0,0,0,0,1,0,1,0,0,0,0,0,0,1,0,0,0,0,0,1,0,0,0,0,1,0,0,0,0,0,0,0,0,0,0,1,0,0,0,0,0,0,0,0,0,0,0,0,0,1,0,0,0,0,1,0,0,1,0,0,0,0,1,0,0,0,1,0,0,0,0,0,1,0,0,0,0,0,0,0,0,1,129000
65,8450,4,3,5,6,1968,1968,0,3,3,4,4,2,5,775,2,0,281,1056,5,6,1056,0,0,1056,1,0,1,0,3,1,3,6,8,1,3,1968,2,1,304,4,4,3,0,85,184,0,0,0,1,1,0,7,2010,1,0,0,0,0,0,0,0,0,0,0,0,0,0,0,0,0,0,1,0,0,1,0,0,0,0,0,1,0,0,0,0,1,0,0,0,0,0,0,0,0,0,0,0,0,0,1,0,0,0,0,0,0,0,0,0,0,0,0,0,1,0,0,0,0,0,0,1,0,1,0,0,0,0,0,0,1,0,0,0,0,0,1,0,0,0,0,1,0,0,0,0,0,0,0,0,0,0,1,0,0,0,0,0,0,0,0,0,0,0,0,0,1,0,0,0,0,1,0,0,1,0,0,0,0,1,0,0,0,1,0,1,0,0,0,0,0,0,0,0,0,0,0,0,1,142000
60,7200,4,3,5,7,1955,2007,0,3,3,1,1,1,1,0,1,0,0,0,5,6,827,0,0,827,0,0,1,0,2,1,3,5,5,1,2,1967,2,1,392,4,4,3,0,0,0,0,0,0,1,1,0,4,2010,1,0,0,0,0,0,0,0,0,0,0,0,0,0,0,0,0,0,1,0,0,1,0,0,0,0,0,1,0,0,0,0,1,0,0,0,0,0,0,0,0,0,0,0,0,0,1,0,0,0,0,0,0,0,0,0,0,0,0,0,1,0,0,0,0,0,0,1,0,1,0,0,0,0,0,0,1,0,0,0,0,0,1,0,0,0,0,1,0,0,0,0,0,0,0,0,0,0,1,0,0,0,0,0,0,0,0,0,0,0,0,0,1,0,0,0,0,1,0,0,0,0,1,0,0,1,0,0,0,1,0,0,0,0,0,1,0,0,0,0,0,0,0,0,1,107500
75,9750,4,3,5,5,1967,1967,0,3,3,4,4,4,6,400,4,480,100,980,4,6,980,0,0,980,0,0,2,0,3,1,3,6,8,0,1,1967,4,1,384,4,4,3,68,0,0,0,0,0,1,1,0,10,2006,0,0,0,0,0,0,0,0,1,0,0,0,0,0,0,0,0,0,1,0,0,1,0,0,0,0,0,1,0,0,0,0,1,0,0,0,0,0,0,0,0,0,0,0,0,0,1,0,0,0,0,0,0,0,0,0,0,0,0,0,1,0,0,0,0,0,0,1,0,1,0,0,0,0,0,0,0,0,0,0,1,0,1,0,0,0,0,1,0,0,0,0,0,0,0,0,0,0,1,0,0,0,0,0,0,0,0,0,0,0,0,0,1,0,0,0,0,1,0,0,0,1,0,0,0,1,0,0,0,1,0,1,0,0,0,0,0,0,0,0,0,0,0,0,1,135500
75,9743,4,3,5,6,1969,1969,0,3,3,4,3,2,5,280,2,0,440,720,4,6,720,588,0,1308,0,0,1,1,3,1,3,7,8,0,1,1969,2,2,484,4,4,3,0,0,0,0,0,0,1,1,0,6,2008,0,0,0,0,0,1,0,0,0,0,0,0,0,0,0,0,0,0,1,0,0,1,0,0,0,0,0,1,0,0,0,0,1,0,0,0,0,0,0,0,0,0,0,0,0,0,0,0,1,0,0,0,0,0,0,0,0,0,0,0,1,0,0,0,0,0,0,1,0,1,0,0,0,0,0,0,0,0,1,0,0,0,1,0,0,0,0,1,0,0,0,0,0,0,0,0,0,0,1,0,0,0,0,0,0,0,0,0,0,0,0,0,1,0,0,0,0,1,0,0,1,0,0,0,0,1,0,0,0,1,0,0,0,0,0,1,0,0,0,0,0,0,0,0,1,146900
109,8724,4,3,5,5,1968,1968,0,3,3,5,4,2,5,492,2,0,402,894,4,6,894,0,0,894,0,0,1,0,3,1,3,5,8,1,2,1968,4,2,450,4,4,3,0,0,0,0,0,0,1,1,0,5,2007,1,0,0,0,0,0,0,0,0,0,0,0,0,0,0,0,0,0,1,0,0,1,0,0,0,0,0,1,0,0,0,0,1,0,0,0,0,0,0,0,0,0,0,0,0,0,0,0,0,0,0,0,1,0,0,0,0,0,0,0,1,0,0,0,0,0,0,1,0,1,0,0,0,0,0,0,1,0,0,0,0,0,1,0,0,0,0,1,0,0,0,0,0,0,0,0,0,0,1,0,0,0,0,0,0,0,0,0,0,0,0,0,1,0,0,0,0,1,0,0,1,0,0,0,0,1,0,0,0,1,0,1,0,0,0,0,0,0,0,0,0,0,0,0,1,129000
57,9764,3,3,5,7,1967,2003,0,3,3,4,4,2,5,702,2,0,192,894,5,6,894,0,0,894,1,0,1,0,3,1,4,5,8,0,1,1967,3,2,450,4,4,3,0,0,0,0,0,0,1,1,0,5,2008,1,0,0,0,0,0,0,0,0,0,0,0,0,0,0,0,0,0,1,0,0,1,0,0,0,0,0,1,0,0,1,0,0,0,0,0,0,0,0,0,0,0,0,0,0,0,0,0,0,0,0,0,1,0,0,0,0,0,0,1,0,0,0,0,0,0,0,1,0,1,0,0,0,0,0,0,1,0,0,0,0,0,1,0,0,0,0,1,0,0,0,0,0,0,0,0,0,0,1,0,0,0,0,0,0,0,0,0,0,0,0,0,1,0,0,0,0,1,0,0,1,0,0,0,0,1,0,0,0,1,0,1,0,0,0,0,0,0,0,0,0,0,0,0,1,130000
58,6451,4,3,7,7,1900,1970,0,3,3,4,4,2,4,208,2,0,504,712,4,6,848,580,0,1428,1,0,1,0,4,1,3,7,8,0,1,1985,4,2,576,4,4,3,264,0,84,0,0,0,1,1,0,5,2006,0,0,0,0,0,0,1,0,0,0,0,0,0,0,0,0,0,0,0,1,0,1,1,0,0,0,0,1,0,0,0,0,1,0,0,0,0,0,0,0,0,0,0,0,0,0,0,0,0,0,1,0,0,0,0,0,0,0,0,0,1,0,0,0,0,0,0,1,0,1,0,0,0,0,0,0,0,0,1,0,0,0,1,0,0,0,0,1,0,0,1,0,0,0,0,0,0,0,0,0,0,0,0,0,0,0,0,0,0,0,0,0,0,1,0,0,0,1,0,0,0,0,0,1,0,1,0,0,0,1,0,0,0,0,0,1,0,0,0,0,0,0,0,0,1,139900
50,8635,4,3,5,5,1925,1950,0,3,2,4,4,2,3,134,2,0,938,1072,3,6,1072,0,0,1072,1,0,1,0,2,1,3,5,8,0,1,1982,2,5,1184,3,4,2,0,0,105,0,0,0,1,1,0,8,2009,0,1,0,0,0,0,0,0,0,0,0,0,0,0,0,0,0,0,0,1,0,1,0,0,0,0,0,1,0,0,0,0,1,0,0,0,1,0,0,0,0,0,0,0,0,0,0,0,0,0,0,0,0,0,0,0,0,0,0,0,1,0,0,0,0,0,0,1,0,1,0,0,0,0,0,0,1,0,0,0,0,0,0,0,1,0,0,1,0,0,0,0,0,0,0,0,0,0,0,1,0,0,0,0,0,0,0,0,0,0,0,0,0,1,0,0,0,1,0,1,0,0,0,0,0,1,0,0,0,1,0,0,0,0,0,1,0,0,0,0,0,0,0,0,1,126500
52,6240,4,3,6,6,1934,1950,0,3,3,4,4,2,2,0,2,0,816,816,3,6,816,0,360,1176,0,0,1,0,3,1,3,6,8,1,5,1985,2,2,528,4,4,3,112,0,0,0,0,0,1,4,400,9,2006,0,0,0,0,1,0,0,0,0,0,0,0,0,0,0,0,0,0,0,1,0,1,0,0,0,0,0,1,0,0,0,0,1,0,0,0,1,0,0,0,0,0,0,0,0,0,0,0,0,0,0,0,0,0,0,0,0,0,0,0,1,0,0,0,0,0,0,1,0,1,0,0,0,0,1,0,0,0,0,0,0,0,1,0,0,0,0,1,0,0,0,0,0,0,0,0,0,0,0,1,0,0,0,0,0,0,0,0,0,0,0,0,0,1,0,0,0,1,0,0,0,1,0,0,0,1,0,0,0,1,0,0,0,0,0,1,0,1,0,0,0,0,0,0,1,114500
68,7480,4,3,5,6,1972,1972,0,3,3,4,4,4,6,480,2,0,396,876,3,6,876,0,0,876,1,0,1,0,3,1,3,5,8,0,1,1977,2,2,484,4,4,3,0,0,0,0,0,0,1,4,0,6,2010,1,0,0,0,0,0,0,0,0,0,0,0,0,0,0,0,0,0,1,0,0,1,0,0,0,0,0,1,0,0,0,0,1,0,0,0,0,0,1,0,0,0,0,0,0,0,0,0,0,0,0,0,0,0,0,0,0,0,0,0,1,0,0,0,0,0,0,1,0,1,0,0,0,0,0,0,1,0,0,0,0,0,1,0,0,0,0,1,0,0,0,0,0,0,0,0,0,0,0,1,0,0,0,0,0,0,0,0,0,0,0,0,0,1,0,0,0,1,0,0,1,0,0,0,0,1,0,0,0,1,0,0,0,0,0,1,0,0,0,0,0,0,0,0,1,127000
39,3869,4,2,5,6,1984,1984,149,4,5,4,4,2,3,283,7,755,0,1038,4,6,1038,0,0,1038,0,0,2,0,2,1,3,5,8,0,1,1984,3,1,264,4,4,3,0,105,0,0,0,0,1,1,0,7,2007,0,0,0,0,0,0,0,0,0,0,0,1,0,0,0,0,0,0,1,0,0,1,0,0,0,0,0,1,0,0,0,0,1,0,0,0,0,0,0,0,1,0,0,0,0,0,0,0,0,0,0,0,0,0,0,0,0,0,0,0,1,0,0,0,0,0,0,1,0,0,0,0,0,1,0,0,1,0,0,0,0,0,1,0,0,0,0,1,0,0,0,0,0,0,0,0,0,0,0,1,0,0,0,0,0,0,0,0,0,0,0,0,0,1,0,0,1,0,0,0,1,0,0,0,0,1,0,0,0,1,0,1,0,0,0,0,0,0,0,0,0,0,0,0,1,130000
60,8730,4,3,6,7,1915,2003,0,3,3,4,4,2,2,0,2,0,698,698,5,5,698,698,0,1396,0,0,1,0,3,1,3,7,8,0,1,2003,2,1,384,4,4,3,0,0,0,0,259,0,1,1,0,7,2007,0,0,0,0,0,0,1,0,0,0,0,0,0,0,0,0,0,0,1,0,0,1,0,0,0,0,0,1,0,0,0,0,1,0,0,0,1,0,0,0,0,0,0,0,0,0,0,0,0,0,0,0,0,0,0,0,0,0,0,0,0,0,0,1,0,0,0,1,0,1,0,0,0,0,0,0,0,0,1,0,0,0,1,0,0,0,0,1,0,0,0,0,0,0,0,0,0,0,0,1,0,0,0,0,0,0,0,0,0,0,0,0,0,1,0,0,0,1,0,1,0,0,0,0,0,1,0,0,0,1,0,0,0,0,0,1,0,0,0,0,0,0,0,0,1,153575
51,6120,4,3,7,8,1929,2001,0,3,3,4,4,2,2,0,2,0,832,832,5,5,854,0,0,854,0,0,1,0,2,1,3,5,8,0,1,1991,2,2,576,4,4,3,48,112,0,0,0,0,1,5,0,7,2007,0,0,0,1,0,0,0,0,0,0,0,0,0,0,0,0,0,0,0,1,0,1,0,0,0,0,0,1,1,0,0,0,0,0,0,0,1,0,0,0,0,0,0,0,0,0,0,0,0,0,0,0,0,0,0,0,0,0,0,0,1,0,0,0,0,0,0,1,0,1,0,0,0,0,0,1,0,0,0,0,0,0,1,0,0,0,0,1,0,0,0,0,0,0,0,0,0,0,0,1,0,0,0,0,0,0,0,0,0,0,0,0,0,1,0,0,0,1,0,1,0,0,0,0,0,1,0,0,0,1,0,0,0,0,0,1,0,0,0,0,0,0,0,0,1,132000
50,9000,4,3,6,6,1937,1950,0,3,4,4,4,2,2,0,2,0,780,780,3,6,780,595,0,1375,0,0,1,1,3,1,4,6,8,1,5,1979,2,1,544,4,4,2,0,162,0,0,126,0,1,1,0,12,2007,0,0,0,0,1,0,0,0,0,0,0,0,0,0,0,0,0,0,0,1,0,1,0,0,1,0,0,0,0,0,0,0,1,0,0,0,0,0,0,0,0,0,0,1,0,0,0,0,0,0,0,0,0,0,0,0,0,0,0,0,1,0,0,0,0,0,0,1,0,1,0,0,0,0,1,0,0,0,0,0,0,0,1,0,0,0,0,1,0,0,0,0,0,0,0,0,0,0,0,1,0,0,0,0,0,0,0,0,0,0,0,0,0,1,0,0,0,1,0,0,0,1,0,0,0,1,0,0,0,1,0,0,0,0,0,1,0,0,0,0,0,0,0,0,1,141000
66,8300,3,3,6,6,1968,1968,86,3,3,4,4,3,4,952,2,0,0,952,4,6,952,0,0,952,1,0,1,0,3,1,3,5,8,0,1,1968,2,1,288,4,4,3,0,0,0,0,0,0,1,1,0,8,2007,1,0,0,0,0,0,0,0,0,0,0,0,0,0,0,0,0,0,1,0,0,1,0,0,0,0,0,1,0,0,0,0,1,0,0,0,0,0,0,0,0,0,0,0,0,0,1,0,0,0,0,0,0,0,0,0,0,0,0,0,1,0,0,0,0,0,0,1,0,1,0,0,0,0,0,0,1,0,0,0,0,0,1,0,0,0,0,1,0,0,0,0,0,0,0,0,0,0,0,1,0,0,0,0,0,0,0,0,0,0,0,0,0,1,0,0,1,0,0,0,1,0,0,0,0,1,0,0,0,1,0,1,0,0,0,0,0,0,0,0,0,0,0,0,1,128500
62,8010,4,3,6,9,1958,2007,0,4,4,4,4,3,7,745,2,0,206,951,4,6,951,0,0,951,1,0,1,0,2,1,4,6,8,0,1,1985,2,2,480,4,4,3,0,0,42,0,0,0,1,1,450,9,2009,1,0,0,0,0,0,0,0,0,0,0,0,0,0,0,0,0,0,1,0,0,1,0,0,0,0,0,1,0,0,0,0,1,0,0,0,0,0,0,0,0,0,0,0,0,0,1,0,0,0,0,0,0,0,0,0,0,0,0,0,1,0,0,0,0,0,0,1,0,1,0,0,0,0,0,0,1,0,0,0,0,0,0,0,1,0,0,1,0,0,0,0,0,0,0,0,0,0,0,1,0,0,0,0,0,0,0,0,0,0,0,0,0,1,0,0,0,1,0,0,1,0,0,0,0,1,0,0,0,1,0,0,0,0,0,1,0,1,0,0,0,0,0,0,1,143500
70,9100,4,3,5,4,1962,1962,51,3,3,4,4,2,3,36,2,0,952,988,5,6,988,0,0,988,1,0,1,0,3,1,3,6,8,0,1,1977,2,2,624,4,4,3,0,0,0,0,0,0,1,1,0,7,2006,1,0,0,0,0,0,0,0,0,0,0,0,0,0,0,0,0,0,1,0,0,1,0,0,0,0,0,1,0,0,0,0,1,0,0,0,0,0,0,0,0,0,0,0,0,0,0,0,0,0,0,0,1,0,0,0,0,0,0,0,0,0,1,0,0,0,0,1,0,1,0,0,0,0,0,0,1,0,0,0,0,0,0,0,1,0,0,1,0,0,0,0,0,0,0,0,0,0,0,1,0,0,0,0,0,0,0,0,0,0,0,0,0,1,0,0,1,0,0,0,1,0,0,0,0,1,0,0,0,1,0,0,0,0,0,1,0,0,0,0,0,0,0,0,1,129500
63,8375,4,3,5,7,1941,1973,0,3,3,4,4,2,6,336,2,0,240,576,4,6,864,486,0,1350,1,0,1,1,2,1,4,6,7,0,1,1973,2,3,627,4,4,1,0,0,0,0,0,0,1,4,0,6,2008,0,0,0,0,1,0,0,0,0,0,0,0,0,0,0,0,0,0,1,0,0,1,0,0,0,0,0,1,1,0,0,0,0,0,0,0,0,0,0,0,0,0,0,0,0,0,0,0,0,0,0,0,1,0,0,0,0,0,0,0,1,0,0,0,0,0,0,1,0,1,0,0,0,0,1,0,0,0,0,0,0,0,1,0,0,0,0,1,0,0,0,0,0,0,0,0,0,0,0,1,0,0,0,0,0,0,0,0,0,0,0,0,0,1,0,0,0,1,0,1,0,0,0,0,0,1,0,0,0,1,1,0,0,0,0,0,0,0,0,0,0,0,0,0,1,152400
60,7200,4,3,7,9,1936,2007,0,4,4,5,5,2,6,350,5,210,0,560,5,6,575,560,0,1135,1,0,1,0,3,1,4,6,8,0,1,1971,3,2,576,4,4,3,256,0,0,0,0,0,1,4,0,4,2009,0,0,0,0,0,0,1,0,0,0,0,0,0,0,0,0,0,0,1,0,0,1,0,0,0,0,0,1,0,0,0,0,1,0,0,0,0,0,0,0,0,0,0,0,0,0,0,0,0,0,0,1,0,0,0,0,0,0,0,1,0,0,0,0,0,0,0,1,0,1,0,0,0,0,0,0,0,0,1,0,0,0,1,0,0,0,0,1,0,0,0,0,0,0,0,0,0,0,0,1,0,0,0,0,0,0,0,0,0,0,0,0,0,1,0,0,0,1,0,0,0,1,0,0,0,1,0,0,0,1,0,0,0,0,0,1,0,0,0,0,0,0,0,0,1,155000
60,8850,4,3,6,7,1920,1950,0,3,4,4,4,2,2,0,2,0,768,768,5,6,752,624,0,1376,0,0,1,0,3,1,4,7,8,0,1,1977,2,2,576,4,4,2,0,54,144,0,0,0,1,1,0,2,2007,0,0,0,0,1,0,0,0,0,0,0,0,0,0,0,0,0,0,1,0,0,1,0,1,1,0,0,0,0,0,0,0,1,0,0,0,1,0,0,0,0,0,0,0,0,0,0,0,0,0,0,0,0,0,0,0,0,0,0,0,1,0,0,0,0,0,0,1,0,1,0,0,0,0,1,0,0,0,0,0,0,0,1,0,0,0,0,1,0,0,0,0,0,0,0,0,0,0,0,1,0,0,0,0,0,0,0,0,0,0,0,0,0,0,1,0,0,1,0,0,0,1,0,0,0,1,0,0,0,1,0,0,0,0,0,1,0,0,0,0,0,0,0,0,1,165000
53,5362,4,3,5,6,1910,2003,0,3,3,4,4,2,2,0,2,0,661,661,5,6,661,589,0,1250,0,0,2,0,3,1,3,8,8,1,5,1985,2,2,552,4,4,3,242,0,81,0,0,0,1,1,0,11,2007,0,0,0,0,1,0,0,0,0,0,0,0,0,0,0,0,0,0,1,0,0,1,0,0,0,0,0,1,1,0,0,0,0,0,0,0,0,0,0,1,0,0,0,0,0,0,0,0,0,0,0,0,0,0,0,0,0,0,0,0,1,0,0,0,0,0,0,1,0,1,0,0,0,0,1,0,0,0,0,0,0,0,1,0,0,0,0,1,0,0,0,0,0,0,0,0,0,0,0,1,0,0,0,0,0,0,0,0,0,0,0,0,0,0,1,0,0,1,0,0,0,1,0,0,0,1,0,0,0,1,0,0,0,0,0,1,0,0,0,0,0,0,0,0,1,139000
